ID,Name,Definition,Source,Namespace,Primary_System,Subcategory_Code,Subcategory_Name,Subcategory_Description,All_Systems,Inflammation_Polarity,Confidence_Score,Decision_Path,Classification_Date,Version
GO:0000076,DNA replication checkpoint signaling,"A signal transduction process that contributes to a DNA replication checkpoint, that prevents the initiation of nuclear division until DNA replication is complete, thereby ensuring that progeny inherit a full complement of the genome.",GO,biological_process,System B: Immune Defense,B1,Innate Immunity,"Pattern recognition, inflammatory signaling, phagocytosis","['System A: Self-Healing & Structural Reconstruction', 'System B: Immune Defense', 'System D: Cognitive-Regulatory']",,0.8,"['pattern_matching', 'priority_rule_B']",2025-12-24 18:05:48,v8.0
GO:0000708,meiotic strand invasion,"The cell cycle process in which the nucleoprotein complex (composed of the broken single-strand DNA and the recombinase) searches and identifies a region of homology in intact duplex DNA. The broken single-strand DNA displaces the like strand and forms Watson-Crick base pairs with its complement, forming a duplex in which each strand is from one of the two recombining DNA molecules. This occurs during meiosis.",GO,biological_process,System B: Immune Defense,B1,Innate Immunity,"Pattern recognition, inflammatory signaling, phagocytosis","['System A: Self-Healing & Structural Reconstruction', 'System B: Immune Defense', 'System 0: General Molecular Machinery']",,0.8,"['pattern_matching', 'priority_rule_B']",2025-12-24 18:05:48,v8.0
GO:0000714,meiotic strand displacement,The cell cycle process in which the broken 3' single-strand DNA molecule that formed heteroduplex DNA with its complement in an intact duplex DNA is rejected. The Watson-Crick base pairing in the original duplex is restored. The rejected 3' single-strand DNA molecule reanneals with its original complement to reform two intact duplex molecules. This occurs during meiosis.,GO,biological_process,System B: Immune Defense,B1,Innate Immunity,"Pattern recognition, inflammatory signaling, phagocytosis","['System A: Self-Healing & Structural Reconstruction', 'System B: Immune Defense', 'System 0: General Molecular Machinery']",,0.8,"['pattern_matching', 'priority_rule_B']",2025-12-24 18:05:48,v8.0
GO:0000732,DNA strand displacement,The rejection of the broken 3' single-strand DNA molecule that formed heteroduplex DNA with its complement in an intact duplex DNA. The Watson-Crick base pairing in the original duplex is restored. The rejected 3' single-strand DNA molecule reanneals with its original complement to reform two intact duplex molecules.,GO,biological_process,System B: Immune Defense,B1,Innate Immunity,"Pattern recognition, inflammatory signaling, phagocytosis",['System B: Immune Defense'],,0.9,"['pattern_matching', 'single_match_B']",2025-12-24 18:05:48,v8.0
GO:0000752,agglutination involved in conjugation with cellular fusion,The aggregation or adhesion of compatible mating types via complementary cell-cell interactions during conjugation with cellular fusion of a unicellular organism. An example of this process is agglutination in Saccharomyces cerevisiae.,GO,biological_process,System B: Immune Defense,B1,Innate Immunity,"Pattern recognition, inflammatory signaling, phagocytosis","['System B: Immune Defense', 'System E: Reproduction & Continuity']",,0.8,"['pattern_matching', 'priority_rule_B']",2025-12-24 18:05:48,v8.0
GO:0000755,cytogamy,"During conjugation with cellular fusion, the process resulting in creating a single cell from complementary mating types. The localized remodeling and dissolution of external protective structures allow the fusion of the plasma membranes and cytoplasmic mixing. An example of this process is found in Saccharomyces cerevisiae.",GO,biological_process,System B: Immune Defense,B1,Innate Immunity,"Pattern recognition, inflammatory signaling, phagocytosis","['System A: Self-Healing & Structural Reconstruction', 'System B: Immune Defense', 'System E: Reproduction & Continuity']",,0.8,"['pattern_matching', 'priority_rule_B']",2025-12-24 18:05:49,v8.0
GO:0000758,agglutination involved in conjugation with mutual genetic exchange,The aggregation or adhesion of compatible mating types via complementary cell-cell interactions during conjugation without cellular fusion of a unicellular organism.,GO,biological_process,System B: Immune Defense,B1,Innate Immunity,"Pattern recognition, inflammatory signaling, phagocytosis","['System B: Immune Defense', 'System E: Reproduction & Continuity']",,0.8,"['pattern_matching', 'priority_rule_B']",2025-12-24 18:05:49,v8.0
GO:0000761,conjugant formation,"During conjugation without cellular fusion, the process that results in pairing complementary mating types. Localized morphological, cytological, and cytoskeletal changes connect the mating types without cytoplasmic mixing.",GO,biological_process,System B: Immune Defense,B1,Innate Immunity,"Pattern recognition, inflammatory signaling, phagocytosis","['System B: Immune Defense', 'System E: Reproduction & Continuity']",,0.8,"['pattern_matching', 'priority_rule_B']",2025-12-24 18:05:49,v8.0
GO:0001794,type IIa hypersensitivity,An inflammatory response resulting in cell death mediated by activation of the classical complement pathway or induction of effector cell phagocytosis or cytolysis mechanisms via complement or Fc receptors following the binding of antibodies to cell surface antigens on a target cell.,GO,biological_process,System B: Immune Defense,B1,Innate Immunity,"Pattern recognition, inflammatory signaling, phagocytosis",['System B: Immune Defense'],pro-inflammatory,0.9,"['pattern_matching', 'single_match_B']",2025-12-24 18:05:49,v8.0
GO:0001802,type III hypersensitivity,An inflammatory response resulting from recognition of immune complexes via complement or Fc receptors on effector cells leading to activation of neutrophils and other leukocytes and damage to bystander tissue.,GO,biological_process,System B: Immune Defense,B1,Innate Immunity,"Pattern recognition, inflammatory signaling, phagocytosis",['System B: Immune Defense'],pro-inflammatory,0.9,"['pattern_matching', 'single_match_B']",2025-12-24 18:05:49,v8.0
GO:0001845,phagolysosome assembly,"The process that results in the fusion of a phagosome, a vesicle formed by phagocytosis, with a lysosome.",GO,biological_process,System B: Immune Defense,B1,Innate Immunity,"Pattern recognition, inflammatory signaling, phagocytosis","['System A: Self-Healing & Structural Reconstruction', 'System B: Immune Defense']",,0.8,"['pattern_matching', 'priority_rule_B']",2025-12-24 18:05:49,v8.0
GO:0001867,"complement activation, lectin pathway",Any process involved in the activation of any of the steps of the lectin pathway of the complement cascade which allows for the direct killing of microbes and the regulation of other immune processes.,GO,biological_process,System B: Immune Defense,B1,Innate Immunity,"Pattern recognition, inflammatory signaling, phagocytosis",['System B: Immune Defense'],,0.9,"['pattern_matching', 'single_match_B']",2025-12-24 18:05:49,v8.0
GO:0001868,"regulation of complement activation, lectin pathway","Any process that modulates the frequency, rate or extent of the lectin pathway of complement activation.",GO,biological_process,System B: Immune Defense,B1,Innate Immunity,"Pattern recognition, inflammatory signaling, phagocytosis",['System B: Immune Defense'],,0.9,"['pattern_matching', 'single_match_B']",2025-12-24 18:05:49,v8.0
GO:0001869,"negative regulation of complement activation, lectin pathway","Any process that stops, prevents, or reduces the rate of complement activation by the lectin pathway.",GO,biological_process,System B: Immune Defense,B1,Innate Immunity,"Pattern recognition, inflammatory signaling, phagocytosis",['System B: Immune Defense'],,0.9,"['pattern_matching', 'single_match_B']",2025-12-24 18:05:49,v8.0
GO:0001870,"positive regulation of complement activation, lectin pathway","Any process that activates or increases the frequency, rate or extent of complement activation by the lectin pathway.",GO,biological_process,System B: Immune Defense,B1,Innate Immunity,"Pattern recognition, inflammatory signaling, phagocytosis",['System B: Immune Defense'],,0.9,"['pattern_matching', 'single_match_B']",2025-12-24 18:05:49,v8.0
GO:0001905,activation of membrane attack complex,The activation of the membrane attack complex components of the complement cascade which can result in death of a target cell through cytolysis.,GO,biological_process,System B: Immune Defense,B1,Innate Immunity,"Pattern recognition, inflammatory signaling, phagocytosis","['System A: Self-Healing & Structural Reconstruction', 'System B: Immune Defense']",,0.8,"['pattern_matching', 'priority_rule_B']",2025-12-24 18:05:49,v8.0
GO:0001969,regulation of activation of membrane attack complex,"Any process that modulates the frequency, rate or extent of the activation of the membrane attack complex components of the complement cascade.",GO,biological_process,System B: Immune Defense,B1,Innate Immunity,"Pattern recognition, inflammatory signaling, phagocytosis","['System A: Self-Healing & Structural Reconstruction', 'System B: Immune Defense']",,0.8,"['pattern_matching', 'priority_rule_B']",2025-12-24 18:05:49,v8.0
GO:0001970,positive regulation of activation of membrane attack complex,"Any process that activates, maintains or increases the frequency, rate or extent of the activation of the membrane attack complex components of the complement cascade.",GO,biological_process,System B: Immune Defense,B1,Innate Immunity,"Pattern recognition, inflammatory signaling, phagocytosis","['System A: Self-Healing & Structural Reconstruction', 'System B: Immune Defense']",,0.6400000000000001,"['pattern_matching', 'priority_rule_B', 'balanced_pathway_standard_classification', 'complex_pathway_analysis']",2025-12-24 18:05:49,v8.0
GO:0001971,negative regulation of activation of membrane attack complex,"Any process that stops, prevents, or reduces the frequency, rate or extent of the activation of the membrane attack complex components of the complement cascade.",GO,biological_process,System B: Immune Defense,B1,Innate Immunity,"Pattern recognition, inflammatory signaling, phagocytosis","['System A: Self-Healing & Structural Reconstruction', 'System B: Immune Defense']",,0.8,"['pattern_matching', 'priority_rule_B']",2025-12-24 18:05:49,v8.0
GO:0002218,activation of innate immune response,Any process that initiates an innate immune response. Innate immune responses are defense responses mediated by germline encoded components that directly recognize components of potential pathogens. Examples of this process include activation of the hypersensitive response of Arabidopsis thaliana and activation of any NOD or TLR signaling pathway in vertebrate species.,GO,biological_process,System B: Immune Defense,B1,Innate Immunity,"Pattern recognition, inflammatory signaling, phagocytosis",['System B: Immune Defense'],,0.9,"['pattern_matching', 'single_match_B']",2025-12-24 18:05:49,v8.0
GO:0002220,innate immune response activating cell surface receptor signaling pathway,The series of molecular signals initiated by a ligand binding to a cell surface receptor that leads to the activation of an innate immune response.,GO,biological_process,System B: Immune Defense,B1,Innate Immunity,"Pattern recognition, inflammatory signaling, phagocytosis",['System B: Immune Defense'],,0.9,"['pattern_matching', 'single_match_B']",2025-12-24 18:05:49,v8.0
GO:0002221,pattern recognition receptor signaling pathway,"The series of molecular signals initiated by a ligand binding to a pattern recognition receptor (PRR), and ending with the regulation of a downstream cellular process, e.g. transcription. PRRs bind pathogen-associated molecular pattern (PAMPs), structures conserved among microbial species, or damage-associated molecular pattern (DAMPs), endogenous molecules released from damaged cells.",GO,biological_process,System B: Immune Defense,B1,Innate Immunity,"Pattern recognition, inflammatory signaling, phagocytosis","['System B: Immune Defense', 'System 0: General Molecular Machinery']",,0.8,"['pattern_matching', 'priority_rule_B']",2025-12-24 18:05:49,v8.0
GO:0002224,toll-like receptor signaling pathway,The series of molecular signals initiated by a ligand binding to a toll-like receptor of a target cell. Toll-like receptors directly bind pattern motifs from a variety of microbial sources to initiate an innate immune response.,GO,biological_process,System B: Immune Defense,B1,Innate Immunity,"Pattern recognition, inflammatory signaling, phagocytosis",['System B: Immune Defense'],,0.9,"['pattern_matching', 'single_match_B']",2025-12-24 18:05:49,v8.0
GO:0002227,innate immune response in mucosa,Any process of the innate immune response that takes place in the mucosal tissues.,GO,biological_process,System B: Immune Defense,B1,Innate Immunity,"Pattern recognition, inflammatory signaling, phagocytosis",['System B: Immune Defense'],,0.9,"['pattern_matching', 'single_match_B']",2025-12-24 18:05:49,v8.0
GO:0002430,complement receptor mediated signaling pathway,The series of molecular signals generated as a consequence of a component of the complement pathway binding to a complement receptor. Such components include both whole complement proteins and fragments of complement proteins generated through the activity of the complement pathway.,GO,biological_process,System B: Immune Defense,B1,Innate Immunity,"Pattern recognition, inflammatory signaling, phagocytosis",['System B: Immune Defense'],,0.9,"['pattern_matching', 'single_match_B']",2025-12-24 18:05:49,v8.0
GO:0002433,immune response-regulating cell surface receptor signaling pathway involved in phagocytosis,An immune response-regulating cell surface receptor signaling pathway that contributes to the endocytic engulfment of external particulate material by phagocytes.,GO,biological_process,System B: Immune Defense,B1,Innate Immunity,"Pattern recognition, inflammatory signaling, phagocytosis",['System B: Immune Defense'],,0.9,"['pattern_matching', 'single_match_B']",2025-12-24 18:05:49,v8.0
GO:0002434,immune complex clearance,"A process directed at removing immune complexes from the body. Immune complexes are clusters of antibodies bound to antigen, to which complement may also be fixed, and which may precipitate or remain in solution.",GO,biological_process,System B: Immune Defense,B1,Innate Immunity,"Pattern recognition, inflammatory signaling, phagocytosis",['System B: Immune Defense'],,0.9,"['pattern_matching', 'single_match_B']",2025-12-24 18:05:49,v8.0
GO:0002435,immune complex clearance by erythrocytes,"The process of immune complex clearance by erythrocytes. The process often starts with binding of complement receptor 1 (CR1) on the surface of erythrocytes to a complement coated immune complex. The complex bound to erythrocyte CR1 is then transported to the liver or spleen where it is presented to phagocytes. The process ends when the complex is removed from CR1, allowing the erythrocyte to return to general circulation.",GO,biological_process,System B: Immune Defense,B1,Innate Immunity,"Pattern recognition, inflammatory signaling, phagocytosis",['System B: Immune Defense'],,0.9,"['pattern_matching', 'single_match_B']",2025-12-24 18:05:49,v8.0
GO:0002747,antigen processing and presentation following phagocytosis,Antigen processing and presentation which is initiated by uptake of antigen via phagocytosis.,GO,biological_process,System B: Immune Defense,B1,Innate Immunity,"Pattern recognition, inflammatory signaling, phagocytosis",['System B: Immune Defense'],,0.9,"['pattern_matching', 'single_match_B']",2025-12-24 18:05:49,v8.0
GO:0002748,antigen processing and presentation initiated by pattern recognition receptor mediated uptake of antigen,Antigen processing and presentation which is initiated by uptake of antigen bound to a cell surface pattern recognition receptor (PRR).,GO,biological_process,System B: Immune Defense,B1,Innate Immunity,"Pattern recognition, inflammatory signaling, phagocytosis",['System B: Immune Defense'],,0.9,"['pattern_matching', 'single_match_B']",2025-12-24 18:05:49,v8.0
GO:0002752,cell surface pattern recognition receptor signaling pathway,"The series of molecular signals initiated by a ligand binding to a cell surface pattern recognition receptor (PRR). PRRs bind pathogen-associated molecular pattern (PAMPs), structures conserved among microbial species.",GO,biological_process,System B: Immune Defense,B1,Innate Immunity,"Pattern recognition, inflammatory signaling, phagocytosis",['System B: Immune Defense'],,0.9,"['pattern_matching', 'single_match_B']",2025-12-24 18:05:49,v8.0
GO:0002753,cytoplasmic pattern recognition receptor signaling pathway,"The series of molecular signals initiated by the binding of a ligand from another organism to a cytoplasmic pattern recognition receptor (PRR). PRRs bind pathogen-associated molecular pattern (PAMPs), structures conserved among microbial species.",GO,biological_process,System B: Immune Defense,B1,Innate Immunity,"Pattern recognition, inflammatory signaling, phagocytosis",['System B: Immune Defense'],,0.9,"['pattern_matching', 'single_match_B']",2025-12-24 18:05:49,v8.0
GO:0002754,endosomal pattern recognition receptor signaling pathway,"The series of molecular signals initiated by the binding of a ligand to an intracellular vesicle pattern recognition receptor (PRR). PRRs bind pathogen-associated molecular pattern (PAMPs), structures conserved among microbial species.",GO,biological_process,System B: Immune Defense,B1,Innate Immunity,"Pattern recognition, inflammatory signaling, phagocytosis",['System B: Immune Defense'],,0.9,"['pattern_matching', 'single_match_B']",2025-12-24 18:05:49,v8.0
GO:0002755,MyD88-dependent toll-like receptor signaling pathway,A toll-like receptor signaling pathway in which the MyD88 adaptor molecule mediates transduction of the signal. Toll-like receptors directly bind pattern motifs from a variety of microbial sources to initiate an innate immune response.,GO,biological_process,System B: Immune Defense,B1,Innate Immunity,"Pattern recognition, inflammatory signaling, phagocytosis",['System B: Immune Defense'],,0.9,"['pattern_matching', 'single_match_B']",2025-12-24 18:05:49,v8.0
GO:0002756,MyD88-independent toll-like receptor signaling pathway,A toll-like receptor signaling pathway not relying on the MyD88 adaptor molecule. Toll-like receptors directly bind pattern motifs from a variety of microbial sources to initiate innate an immune response.,GO,biological_process,System B: Immune Defense,B1,Innate Immunity,"Pattern recognition, inflammatory signaling, phagocytosis",['System B: Immune Defense'],,0.9,"['pattern_matching', 'single_match_B']",2025-12-24 18:05:49,v8.0
GO:0002758,innate immune response-activating signaling pathway,The series of molecular signals generated by a ligand binding to its receptor that lead to the activation or perpetuation of an innate immune response.,GO,biological_process,System B: Immune Defense,B1,Innate Immunity,"Pattern recognition, inflammatory signaling, phagocytosis",['System B: Immune Defense'],,0.9,"['pattern_matching', 'single_match_B']",2025-12-24 18:05:49,v8.0
GO:0002766,innate immune response-inhibiting signal transduction,"The cascade of processes by which a signal interacts with a receptor, causing a change in the level or activity of a second messenger or other downstream target, and ultimately leading to inhibition of an innate immune response.",GO,biological_process,System B: Immune Defense,B1,Innate Immunity,"Pattern recognition, inflammatory signaling, phagocytosis","['System B: Immune Defense', 'System D: Cognitive-Regulatory']",,0.8,"['pattern_matching', 'priority_rule_B']",2025-12-24 18:05:49,v8.0
GO:0006271,DNA strand elongation involved in DNA replication,"The process in which an existing DNA strand is extended by activities including the addition of nucleotides to the 3' end of the strand, complementary to an existing template, as part of DNA replication.",GO,biological_process,System B: Immune Defense,B1,Innate Immunity,"Pattern recognition, inflammatory signaling, phagocytosis","['System A: Self-Healing & Structural Reconstruction', 'System B: Immune Defense']",,0.8,"['pattern_matching', 'priority_rule_B']",2025-12-24 18:05:50,v8.0
GO:0006272,leading strand elongation,"The process in which an existing DNA strand is extended continuously in a 5' to 3' direction by activities including the addition of nucleotides to the 3' end of the strand, complementary to an existing template, as part of DNA replication. Leading strand elongation proceeds in the same direction as the replication fork.",GO,biological_process,System B: Immune Defense,B1,Innate Immunity,"Pattern recognition, inflammatory signaling, phagocytosis","['System A: Self-Healing & Structural Reconstruction', 'System B: Immune Defense']",,0.8,"['pattern_matching', 'priority_rule_B']",2025-12-24 18:05:50,v8.0
GO:0006273,lagging strand elongation,"The process in which an existing DNA strand is extended in a net 3' to 5' direction by activities including the addition of nucleotides to the 3' end of the strand, complementary to an existing template, as part of DNA replication. Lagging strand DNA elongation proceeds by discontinuous synthesis of short stretches of DNA, known as Okazaki fragments, from RNA primers; these fragments are then joined by DNA ligase. Although each segment of nascent DNA is synthesized in the 5' to 3' direction, the overall direction of lagging strand synthesis is 3' to 5', mirroring the progress of the replication fork.",GO,biological_process,System B: Immune Defense,B1,Innate Immunity,"Pattern recognition, inflammatory signaling, phagocytosis","['System A: Self-Healing & Structural Reconstruction', 'System B: Immune Defense']",,0.8,"['pattern_matching', 'priority_rule_B']",2025-12-24 18:05:50,v8.0
GO:0006303,double-strand break repair via nonhomologous end joining,"The repair of a double-strand break in DNA in which the two broken ends are rejoined with little or no sequence complementarity. Information at the DNA ends may be lost due to the modification of broken DNA ends. This term covers instances of separate pathways, called classical (or canonical) and alternative nonhomologous end joining (C-NHEJ and A-NHEJ). These in turn may further branch into sub-pathways, but evidence is still unclear.",GO,biological_process,System B: Immune Defense,B1,Innate Immunity,"Pattern recognition, inflammatory signaling, phagocytosis",['System B: Immune Defense'],,0.9,"['pattern_matching', 'single_match_B']",2025-12-24 18:05:50,v8.0
GO:0006909,phagocytosis,"A vesicle-mediated transport process that results in the engulfment of external particulate material by phagocytes and their delivery to the lysosome. The particles are initially contained within phagocytic vacuoles (phagosomes), which then fuse with primary lysosomes to effect digestion of the particles.",GO,biological_process,System B: Immune Defense,B1,Innate Immunity,"Pattern recognition, inflammatory signaling, phagocytosis","['System A: Self-Healing & Structural Reconstruction', 'System B: Immune Defense']",,0.8,"['pattern_matching', 'priority_rule_B']",2025-12-24 18:05:50,v8.0
GO:0006910,"phagocytosis, recognition","The initial step in phagocytosis involving adhesion to bacteria, immune complexes and other particulate matter, or an apoptotic cell and based on recognition of factors such as bacterial cell wall components, opsonins like complement and antibody or protein receptors and lipids like phosphatidyl serine, and leading to intracellular signaling in the phagocytosing cell.",GO,biological_process,System B: Immune Defense,B1,Innate Immunity,"Pattern recognition, inflammatory signaling, phagocytosis",['System B: Immune Defense'],,0.9,"['pattern_matching', 'single_match_B']",2025-12-24 18:05:50,v8.0
GO:0006911,"phagocytosis, engulfment","The internalization of bacteria, immune complexes and other particulate matter or of an apoptotic cell by phagocytosis, including the membrane and cytoskeletal processes required, which involves one of three mechanisms: zippering of pseudopods around a target via repeated receptor-ligand interactions, sinking of the target directly into plasma membrane of the phagocytosing cell, or induced uptake via an enhanced membrane ruffling of the phagocytosing cell similar to macropinocytosis.",GO,biological_process,System B: Immune Defense,B1,Innate Immunity,"Pattern recognition, inflammatory signaling, phagocytosis","['System A: Self-Healing & Structural Reconstruction', 'System B: Immune Defense']",,0.8,"['pattern_matching', 'priority_rule_B']",2025-12-24 18:05:50,v8.0
GO:0006956,complement activation,"Any process involved in the activation of any of the steps of the complement cascade, which allows for the direct killing of microbes, the disposal of immune complexes, and the regulation of other immune processes; the initial steps of complement activation involve one of three pathways, the classical pathway, the alternative pathway, and the lectin pathway, all of which lead to the terminal complement pathway.",GO,biological_process,System B: Immune Defense,B1,Innate Immunity,"Pattern recognition, inflammatory signaling, phagocytosis",['System B: Immune Defense'],,0.9,"['pattern_matching', 'single_match_B']",2025-12-24 18:05:50,v8.0
GO:0006957,"complement activation, alternative pathway",Any process involved in the activation of any of the steps of the alternative pathway of the complement cascade which allows for the direct killing of microbes and the regulation of other immune processes.,GO,biological_process,System B: Immune Defense,B1,Innate Immunity,"Pattern recognition, inflammatory signaling, phagocytosis",['System B: Immune Defense'],,0.9,"['pattern_matching', 'single_match_B']",2025-12-24 18:05:50,v8.0
GO:0006958,"complement activation, classical pathway","Any process involved in the activation of any of the steps of the classical pathway of the complement cascade which allows for the direct killing of microbes, the disposal of immune complexes, and the regulation of other immune processes.",GO,biological_process,System B: Immune Defense,B1,Innate Immunity,"Pattern recognition, inflammatory signaling, phagocytosis",['System B: Immune Defense'],,0.9,"['pattern_matching', 'single_match_B']",2025-12-24 18:05:50,v8.0
GO:0007540,"sex determination, establishment of X:A ratio",The developmental process in which an organism senses the number of X chromosomes and autosomes in its genomic complement and responds to it.,GO,biological_process,System B: Immune Defense,B1,Innate Immunity,"Pattern recognition, inflammatory signaling, phagocytosis","['System A: Self-Healing & Structural Reconstruction', 'System B: Immune Defense', 'System E: Reproduction & Continuity']",,0.8,"['pattern_matching', 'priority_rule_B']",2025-12-24 18:05:51,v8.0
GO:0007541,"sex determination, primary response to X:A ratio",The developmental process in which an organism interprets its X to autosomal chromosomal complement.,GO,biological_process,System B: Immune Defense,B1,Innate Immunity,"Pattern recognition, inflammatory signaling, phagocytosis","['System B: Immune Defense', 'System E: Reproduction & Continuity']",,0.8,"['pattern_matching', 'priority_rule_B']",2025-12-24 18:05:51,v8.0
GO:0008228,opsonization,"The process in which a microorganism (or other particulate material) is rendered more susceptible to phagocytosis by coating with an opsonin, a blood serum protein such as a complement component or antibody.",GO,biological_process,System B: Immune Defense,B1,Innate Immunity,"Pattern recognition, inflammatory signaling, phagocytosis",['System B: Immune Defense'],,0.9,"['pattern_matching', 'single_match_B']",2025-12-24 18:05:51,v8.0
GO:0009300,antisense RNA transcription,"The synthesis of antisense RNA, an RNA molecule complementary in sequence to another RNA or DNA molecule, which, by binding the latter, acts to inhibit its function and/or completion of synthesis, on a template of DNA.",GO,biological_process,System B: Immune Defense,B1,Innate Immunity,"Pattern recognition, inflammatory signaling, phagocytosis","['System B: Immune Defense', 'System 0: General Molecular Machinery']",,0.8,"['pattern_matching', 'priority_rule_B']",2025-12-24 18:05:51,v8.0
GO:0016074,sno(s)RNA metabolic process,"The chemical reactions and pathways involving snoRNA, small nucleolar RNA, any of a class of small RNAs that are associated with the eukaryotic nucleus as components of small nucleolar ribonucleoproteins. They participate in the processing or modifications of many RNAs, mostly ribosomal RNAs (rRNAs) though snoRNAs are also known to target other classes of RNA, including spliceosomal RNAs, tRNAs, and mRNAs via a stretch of sequence that is complementary to a sequence in the targeted RNA.",GO,biological_process,System B: Immune Defense,B1,Innate Immunity,"Pattern recognition, inflammatory signaling, phagocytosis","['System B: Immune Defense', 'System 0: General Molecular Machinery']",,0.8,"['pattern_matching', 'priority_rule_B']",2025-12-24 18:05:52,v8.0
GO:0030449,regulation of complement activation,"Any process that modulates the frequency, rate or extent of complement activation.",GO,biological_process,System B: Immune Defense,B1,Innate Immunity,"Pattern recognition, inflammatory signaling, phagocytosis",['System B: Immune Defense'],,0.9,"['pattern_matching', 'single_match_B']",2025-12-24 18:05:54,v8.0
GO:0030450,"regulation of complement activation, classical pathway","Any process that modulates the frequency, rate or extent of the classical pathway of complement activation.",GO,biological_process,System B: Immune Defense,B1,Innate Immunity,"Pattern recognition, inflammatory signaling, phagocytosis",['System B: Immune Defense'],,0.9,"['pattern_matching', 'single_match_B']",2025-12-24 18:05:54,v8.0
GO:0030451,"regulation of complement activation, alternative pathway","Any process that modulates the frequency, rate or extent of the alternative pathway of complement activation.",GO,biological_process,System B: Immune Defense,B1,Innate Immunity,"Pattern recognition, inflammatory signaling, phagocytosis",['System B: Immune Defense'],,0.9,"['pattern_matching', 'single_match_B']",2025-12-24 18:05:54,v8.0
GO:0033301,cell cycle comprising mitosis without cytokinesis,"A mitotic cell cycle in which mitosis is completed but cytokinesis does not occur, resulting in a cell containing multiple nuclei each with a chromosomal complement of the original ploidy (usually 2N).",GO,biological_process,System B: Immune Defense,B1,Innate Immunity,"Pattern recognition, inflammatory signaling, phagocytosis","['System A: Self-Healing & Structural Reconstruction', 'System B: Immune Defense', 'System 0: General Molecular Machinery']",,0.8,"['pattern_matching', 'priority_rule_B']",2025-12-24 18:05:54,v8.0
GO:0034055,effector-mediated activation of host programmed cell death by symbiont,A symbiont process in which a molecule secreted by the symbiont activates a programmed cell death pathway in the host to suppress the host innate immune response. The host is defined as the larger of the organisms involved in a symbiotic interaction.,GO,biological_process,System B: Immune Defense,B1,Innate Immunity,"Pattern recognition, inflammatory signaling, phagocytosis","['System A: Self-Healing & Structural Reconstruction', 'System B: Immune Defense']",,0.8,"['pattern_matching', 'priority_rule_B']",2025-12-24 18:05:55,v8.0
GO:0035279,miRNA-mediated gene silencing by mRNA destabilization,"An RNA interference pathway in which microRNAs (miRNAs) direct the cleavage of target mRNAs. Once incorporated into a RNA-induced silencing complex (RISC), a miRNA base pairing with near-perfect complementarity to the target mRNA will typically direct targeted endonucleolytic cleavage of the mRNA. Many plant miRNAs downregulate gene expression through this mechanism.",GO,biological_process,System B: Immune Defense,B1,Innate Immunity,"Pattern recognition, inflammatory signaling, phagocytosis","['System B: Immune Defense', 'System 0: General Molecular Machinery']",,0.8,"['pattern_matching', 'priority_rule_B']",2025-12-24 18:05:55,v8.0
GO:0035660,MyD88-dependent toll-like receptor 4 signaling pathway,"The series of molecular signals initiated by a ligand binding to a toll-like 4 receptor, where the MyD88 adaptor molecule mediates transduction of the signal. Toll-like 4 receptors bind bacterial lipopolysaccharide (LPS) to initiate an innate immune response.",GO,biological_process,System B: Immune Defense,B1,Innate Immunity,"Pattern recognition, inflammatory signaling, phagocytosis",['System B: Immune Defense'],,0.9,"['pattern_matching', 'single_match_B']",2025-12-24 18:05:55,v8.0
GO:0035661,MyD88-dependent toll-like receptor 2 signaling pathway,The series of molecular signals initiated by a ligand binding to a toll-like 2 receptor where the MyD88 adaptor molecule mediates transduction of the signal. Toll-like 2 receptors are pattern recognition receptors that bind microbial pattern motifs to initiate an innate immune response.,GO,biological_process,System B: Immune Defense,B1,Innate Immunity,"Pattern recognition, inflammatory signaling, phagocytosis",['System B: Immune Defense'],,0.9,"['pattern_matching', 'single_match_B']",2025-12-24 18:05:55,v8.0
GO:0035664,TIRAP-dependent toll-like receptor signaling pathway,The series of molecular signals initiated by a ligand binding to a toll-like receptor where the TIRAP/MAL adaptor mediates transduction of the signal. Toll-like receptors directly bind pattern motifs from a variety of microbial sources to initiate an innate immune response.,GO,biological_process,System B: Immune Defense,B1,Innate Immunity,"Pattern recognition, inflammatory signaling, phagocytosis",['System B: Immune Defense'],,0.9,"['pattern_matching', 'single_match_B']",2025-12-24 18:05:55,v8.0
GO:0035665,TIRAP-dependent toll-like receptor 4 signaling pathway,The series of molecular signals initiated by a ligand binding to a toll-like receptor 4 where the TIRAP/MAL adaptor mediates transduction of the signal. Toll-like 4 receptors are pattern recognition receptors that bind bacterial lipopolysaccharide (LPS) to initiate an innate immune response.,GO,biological_process,System B: Immune Defense,B1,Innate Immunity,"Pattern recognition, inflammatory signaling, phagocytosis",['System B: Immune Defense'],,0.9,"['pattern_matching', 'single_match_B']",2025-12-24 18:05:55,v8.0
GO:0035666,TRIF-dependent toll-like receptor signaling pathway,The series of molecular signals initiated by a ligand binding to a toll-like receptor where the TRIF adaptor mediates transduction of the signal. Toll-like receptors directly bind pattern motifs from a variety of microbial sources to initiate an innate immune response.,GO,biological_process,System B: Immune Defense,B1,Innate Immunity,"Pattern recognition, inflammatory signaling, phagocytosis",['System B: Immune Defense'],,0.9,"['pattern_matching', 'single_match_B']",2025-12-24 18:05:55,v8.0
GO:0035667,TRIF-dependent toll-like receptor 4 signaling pathway,The series of molecular signals initiated by a ligand binding to a toll-like 4 receptor where the TRIF adaptor mediates transduction of the signal. Toll-like 4 receptors are pattern recognition receptors that bind bacterial lipopolysaccharide (LPS) to initiate an innate immune response.,GO,biological_process,System B: Immune Defense,B1,Innate Immunity,"Pattern recognition, inflammatory signaling, phagocytosis",['System B: Immune Defense'],,0.9,"['pattern_matching', 'single_match_B']",2025-12-24 18:05:55,v8.0
GO:0035668,TRAM-dependent toll-like receptor signaling pathway,The series of molecular signals initiated by a ligand binding to a toll-like receptor where the TRAM adaptor mediates transduction of the signal. Toll-like receptors directly bind pattern motifs from a variety of microbial sources to initiate an innate immune response.,GO,biological_process,System B: Immune Defense,B1,Innate Immunity,"Pattern recognition, inflammatory signaling, phagocytosis",['System B: Immune Defense'],,0.9,"['pattern_matching', 'single_match_B']",2025-12-24 18:05:55,v8.0
GO:0035669,TRAM-dependent toll-like receptor 4 signaling pathway,The series of molecular signals initiated by a ligand binding to a toll-like receptor 4 where the TRAM adaptor mediates transduction of the signal. Toll-like 4 receptors are pattern recognition receptors that bind bacterial lipopolysaccharide (LPS) to initiate an innate immune response.,GO,biological_process,System B: Immune Defense,B1,Innate Immunity,"Pattern recognition, inflammatory signaling, phagocytosis",['System B: Immune Defense'],,0.9,"['pattern_matching', 'single_match_B']",2025-12-24 18:05:55,v8.0
GO:0038096,Fc-gamma receptor signaling pathway involved in phagocytosis,An Fc-gamma receptor signaling pathway that contributes to the endocytic engulfment of external particulate material by phagocytes.,GO,biological_process,System B: Immune Defense,B1,Innate Immunity,"Pattern recognition, inflammatory signaling, phagocytosis",['System B: Immune Defense'],,0.9,"['pattern_matching', 'single_match_B']",2025-12-24 18:05:56,v8.0
GO:0038123,toll-like receptor TLR1:TLR2 signaling pathway,"The series of molecular signals initiated by a ligand binding of a heterodimeric TLR1:TLR2 complex, followed by transmission of the signal by the activated receptor, and ending with the regulation of a downstream cellular process, e.g. transcription.",GO,biological_process,System B: Immune Defense,B1,Innate Immunity,"Pattern recognition, inflammatory signaling, phagocytosis","['System B: Immune Defense', 'System 0: General Molecular Machinery']",,0.8,"['pattern_matching', 'priority_rule_B']",2025-12-24 18:05:56,v8.0
GO:0038124,toll-like receptor TLR6:TLR2 signaling pathway,"The series of molecular signals initiated by a ligand binding of a heterodimeric TLR6:TLR2 complex, followed by transmission of the signal by the activated receptor, and ending with the regulation of a downstream cellular process, e.g. transcription.",GO,biological_process,System B: Immune Defense,B1,Innate Immunity,"Pattern recognition, inflammatory signaling, phagocytosis","['System B: Immune Defense', 'System 0: General Molecular Machinery']",,0.8,"['pattern_matching', 'priority_rule_B']",2025-12-24 18:05:56,v8.0
GO:0038178,complement component C5a signaling pathway,"A G protein-coupled receptor signaling pathway initiated by a C5a component of the complement pathway binding to a complement receptor, and ending with regulation of a downstream cellular process. C5a is a peptide derived from the C5 complement factor.",GO,biological_process,System B: Immune Defense,B1,Innate Immunity,"Pattern recognition, inflammatory signaling, phagocytosis",['System B: Immune Defense'],,0.9,"['pattern_matching', 'single_match_B']",2025-12-24 18:05:56,v8.0
GO:0039529,RIG-I signaling pathway,"The series of molecular signals initiated by the binding ssRNA or dsRNA from another organism to the cytoplasmic pattern recognition receptor (PRR) RIG-1 (also known as DDX58). RIG-I detects RNA synthesized during viral replication or shed by non-viral pathogens, and triggers a signaling pathway to protect the host against infection, for example by inducing the expression of cytokines.",GO,biological_process,System B: Immune Defense,B1,Innate Immunity,"Pattern recognition, inflammatory signaling, phagocytosis",['System B: Immune Defense'],,0.9,"['pattern_matching', 'single_match_B']",2025-12-24 18:05:56,v8.0
GO:0039530,MDA-5 signaling pathway,"The series of molecular signals initiated by the binding of dsRNA from another organism to the cytoplasmic pattern recognition receptor (PRR) MDA-5 (also known as IFIH1). MDA-5 detects RNA synthesized during viral replication or shed by non-viral pathogens, and triggers a signaling pathway to protect the host against infection, for example by inducing the expression of cytokines.",GO,biological_process,System B: Immune Defense,B1,Innate Immunity,"Pattern recognition, inflammatory signaling, phagocytosis",['System B: Immune Defense'],,0.9,"['pattern_matching', 'single_match_B']",2025-12-24 18:05:56,v8.0
GO:0039531,regulation of cytoplasmic pattern recognition receptor signaling pathway,"Any process that modulates the frequency, rate or extent of a cytoplasmic pattern recognition receptor signaling pathway.",GO,biological_process,System B: Immune Defense,B1,Innate Immunity,"Pattern recognition, inflammatory signaling, phagocytosis",['System B: Immune Defense'],,0.9,"['pattern_matching', 'single_match_B']",2025-12-24 18:05:56,v8.0
GO:0039532,negative regulation of cytoplasmic pattern recognition receptor signaling pathway,"Any process that stops, prevents, or reduces the frequency, rate or extent of the series of a cytoplasmic pattern recognition receptor signaling pathway.",GO,biological_process,System B: Immune Defense,B1,Innate Immunity,"Pattern recognition, inflammatory signaling, phagocytosis",['System B: Immune Defense'],,0.9,"['pattern_matching', 'single_match_B']",2025-12-24 18:05:56,v8.0
GO:0039533,regulation of MDA-5 signaling pathway,"Any process that modulates the frequency, rate or extent of the series of molecular signals generated as a consequence of the cytoplasmic pattern recognition receptor (PRR) MDA-5 (also known as IFIH1) binding to viral RNA.",GO,biological_process,System B: Immune Defense,B1,Innate Immunity,"Pattern recognition, inflammatory signaling, phagocytosis",['System B: Immune Defense'],,0.9,"['pattern_matching', 'single_match_B']",2025-12-24 18:05:56,v8.0
GO:0039537,symbiont-mediated suppression of cytoplasmic pattern recognition receptor signaling pathway,"A process in which a symbiont interferes with, inhibits or disrupts a cytoplasmic pattern recognition receptor signaling pathway. This is a mechanism by which the virus evades the host innate immune response.",GO,biological_process,System B: Immune Defense,B1,Innate Immunity,"Pattern recognition, inflammatory signaling, phagocytosis",['System B: Immune Defense'],anti-inflammatory,0.9,"['pattern_matching', 'single_match_B']",2025-12-24 18:05:56,v8.0
GO:0039540,symbiont-mediated suppression of host cytoplasmic pattern recognition receptor signaling pathway via inhibition of RIG-I activity,"A process in which a symbiont interferes with, inhibits or disrupts a cytoplasmic pattern recognition receptor signaling pathway by inhibiting the activity of RIG-1 (also known as DDX58). The cytoplasmic pattern recognition RIG-I recognizes viral RNA synthesized during active viral replication and signals to protect the host against viral infection, for example by inducing the expression of antiviral cytokines.",GO,biological_process,System B: Immune Defense,B1,Innate Immunity,"Pattern recognition, inflammatory signaling, phagocytosis",['System B: Immune Defense'],anti-inflammatory,0.9,"['pattern_matching', 'single_match_B']",2025-12-24 18:05:56,v8.0
GO:0039545,symbiont-mediated suppression of host cytoplasmic pattern recognition receptor signaling pathway via inhibition of MAVS activity,"A process in which a symbiont interferes with, inhibits or disrupts a cytoplasmic pattern recognition receptor signaling pathway in a host organism by reducing the activity of host MAVS (mitochondrial antiviral signaling protein). MAVS is a signal transducer that lies downstream of the viral RNA receptors MDA-5 and RIG-I to coordinate host innate immune responses.",GO,biological_process,System B: Immune Defense,B1,Innate Immunity,"Pattern recognition, inflammatory signaling, phagocytosis",['System B: Immune Defense'],anti-inflammatory,0.9,"['pattern_matching', 'single_match_B']",2025-12-24 18:05:56,v8.0
GO:0039554,symbiont-mediated suppression of host cytoplasmic pattern recognition receptor signaling pathway via inhibition of MDA-5 activity,"A process in which a symbiont interferes with, inhibits or disrupts a cytoplasmic pattern recognition receptor signaling pathway by inhibiting the activity of MDA-5 (also known as IFIH1). The cytoplasmic pattern recognition receptor MDA-5 detects dsRNA synthesized during active viral replication and triggers a signaling pathway to protect the host against viral infection, for example by inducing the expression of antiviral cytokines.",GO,biological_process,System B: Immune Defense,B1,Innate Immunity,"Pattern recognition, inflammatory signaling, phagocytosis",['System B: Immune Defense'],anti-inflammatory,0.9,"['pattern_matching', 'single_match_B']",2025-12-24 18:05:56,v8.0
GO:0039699,symbiont-mediated evasion of mRNA degradation by host via mRNA cap methylation,"An innate immune response evasion mechanism in which a symbiont methylates the 2'-O-ribose of the first or second transcribed nucleotide of its mRNAs. Methylation allows evasion of the host innate immune response, which degrades cap0 (non-methylated) mRNAs. This mechanism of immune evasion is used by viruses.",GO,biological_process,System B: Immune Defense,B1,Innate Immunity,"Pattern recognition, inflammatory signaling, phagocytosis","['System B: Immune Defense', 'System 0: General Molecular Machinery']",,0.8,"['pattern_matching', 'priority_rule_B']",2025-12-24 18:05:56,v8.0
GO:0039723,symbiont-mediated suppression of host cytoplasmic pattern recognition receptor signaling pathway via inhibition of TBK1 activity,"Any process in which a symbiont stops, prevents, or reduces a cytoplasmic pattern recognition receptor signaling pathway in a host organism by reducing the activity of a host serine/threonine kinase TBK1.",GO,biological_process,System B: Immune Defense,B1,Innate Immunity,"Pattern recognition, inflammatory signaling, phagocytosis",['System B: Immune Defense'],anti-inflammatory,0.9,"['pattern_matching', 'single_match_B']",2025-12-24 18:05:56,v8.0
GO:0039724,symbiont-mediated suppression of host cytoplasmic pattern recognition receptor signaling pathway via inhibition of IKBKE activity,"A process in which a symbiont interferes with, inhibits or disrupts a cytoplasmic pattern recognition receptor signaling pathway by reducing the activity of host I-kappa-B kinase epsilon (IKBKE/IKK-epsilon/IKK-E).",GO,biological_process,System B: Immune Defense,B1,Innate Immunity,"Pattern recognition, inflammatory signaling, phagocytosis",['System B: Immune Defense'],anti-inflammatory,0.9,"['pattern_matching', 'single_match_B']",2025-12-24 18:05:56,v8.0
GO:0042148,DNA strand invasion,"The process in which the nucleoprotein complex (composed of the broken single-strand DNA and the recombinase) searches and identifies a region of homology in intact duplex DNA. The broken single-strand DNA displaces the like strand and forms Watson-Crick base pairs with its complement, forming a duplex in which each strand is from one of the two recombining DNA molecules.",GO,biological_process,System B: Immune Defense,B1,Innate Immunity,"Pattern recognition, inflammatory signaling, phagocytosis",['System B: Immune Defense'],,0.9,"['pattern_matching', 'single_match_B']",2025-12-24 18:05:56,v8.0
GO:0042868,antisense RNA metabolic process,"The chemical reactions and pathways involving antisense RNA, an RNA molecule complementary in sequence to another RNA or DNA molecule, which, by binding the latter, acts to inhibit its function and/or completion of synthesis.",GO,biological_process,System B: Immune Defense,B1,Innate Immunity,"Pattern recognition, inflammatory signaling, phagocytosis",['System B: Immune Defense'],,0.9,"['pattern_matching', 'single_match_B']",2025-12-24 18:05:56,v8.0
GO:0043652,engulfment of apoptotic cell,"The removal of the apoptotic cell by phagocytosis, by a neighboring cell or by a phagocyte.",GO,biological_process,System B: Immune Defense,B1,Innate Immunity,"Pattern recognition, inflammatory signaling, phagocytosis",['System B: Immune Defense'],,0.9,"['pattern_matching', 'single_match_B']",2025-12-24 18:05:56,v8.0
GO:0043654,recognition of apoptotic cell,The process in which a cell interprets signals (in the form of specific proteins and lipids) on the surface of a dying cell which it will engulf and remove by phagocytosis.,GO,biological_process,System B: Immune Defense,B1,Innate Immunity,"Pattern recognition, inflammatory signaling, phagocytosis",['System B: Immune Defense'],,0.9,"['pattern_matching', 'single_match_B']",2025-12-24 18:05:56,v8.0
GO:0044542,symbiont-mediated activation of host plasminogen,"A process in which a symbiont initiates, promotes, or enhances the normal activation of plasminogen, the pathway resulting in the processing of inactive plasminogen to active plasmin in the host organism. This can facilitate the dissemination of the symbiont into host tissues. It can also be used to destroy complement, opsonins as well as antibacterial proteins like histones.",GO,biological_process,System B: Immune Defense,B1,Innate Immunity,"Pattern recognition, inflammatory signaling, phagocytosis",['System B: Immune Defense'],,0.9,"['pattern_matching', 'single_match_B']",2025-12-24 18:05:57,v8.0
GO:0045002,double-strand break repair via single-strand annealing,"Repair of a DSB made between two repeated sequences oriented in the same direction occurs primarily by the single strand annealing pathway. The ends of the break are processed by a 5' to 3' exonuclease, exposing complementary single-strand regions of the direct repeats that can anneal, resulting in a deletion of the unique DNA between the direct repeats.",GO,biological_process,System B: Immune Defense,B1,Innate Immunity,"Pattern recognition, inflammatory signaling, phagocytosis",['System B: Immune Defense'],,0.9,"['pattern_matching', 'single_match_B']",2025-12-24 18:05:57,v8.0
GO:0045003,double-strand break repair via synthesis-dependent strand annealing,"SDSA is a major mechanism of double-strand break repair in mitosis which allows for the error-free repair of a double-strand break without the exchange of adjacent sequences. The broken DNA searches for and base pairs with a homologous region in an intact chromosome. DNA synthesis initiates from the 3' end of the invading DNA strand, using the intact chromosome as the template. Newly synthesized DNA is then displaced from the template and anneal with its complement on the other side of the double-strand break.",GO,biological_process,System B: Immune Defense,B1,Innate Immunity,"Pattern recognition, inflammatory signaling, phagocytosis","['System A: Self-Healing & Structural Reconstruction', 'System B: Immune Defense', 'System 0: General Molecular Machinery']",,0.8,"['pattern_matching', 'priority_rule_B']",2025-12-24 18:05:57,v8.0
GO:0045087,innate immune response,Innate immune responses are defense responses mediated by germline encoded components that directly recognize components of potential pathogens.,GO,biological_process,System B: Immune Defense,B1,Innate Immunity,"Pattern recognition, inflammatory signaling, phagocytosis",['System B: Immune Defense'],,0.9,"['pattern_matching', 'single_match_B']",2025-12-24 18:05:57,v8.0
GO:0045088,regulation of innate immune response,"Any process that modulates the frequency, rate or extent of the innate immune response, the organism's first line of defense against infection.",GO,biological_process,System B: Immune Defense,B1,Innate Immunity,"Pattern recognition, inflammatory signaling, phagocytosis",['System B: Immune Defense'],,0.9,"['pattern_matching', 'single_match_B']",2025-12-24 18:05:57,v8.0
GO:0045089,positive regulation of innate immune response,"Any process that activates or increases the frequency, rate or extent of the innate immune response, the organism's first line of defense against infection.",GO,biological_process,System B: Immune Defense,B1,Innate Immunity,"Pattern recognition, inflammatory signaling, phagocytosis",['System B: Immune Defense'],,0.9,"['pattern_matching', 'single_match_B']",2025-12-24 18:05:57,v8.0
GO:0045728,respiratory burst after phagocytosis,"A phase of elevated metabolic activity, during which oxygen consumption increases, that occurs in neutrophils, monocytes, and macrophages shortly after phagocytosing material. An enhanced uptake of oxygen leads to the production, by an NADH dependent system, of hydrogen peroxide (H2O2), superoxide anions and hydroxyl radicals, which play a part in microbiocidal activity.",GO,biological_process,System B: Immune Defense,B1,Innate Immunity,"Pattern recognition, inflammatory signaling, phagocytosis",['System B: Immune Defense'],,0.9,"['pattern_matching', 'single_match_B']",2025-12-24 18:05:57,v8.0
GO:0045824,negative regulation of innate immune response,"Any process that stops, prevents, or reduces the frequency, rate or extent of the innate immune response.",GO,biological_process,System B: Immune Defense,B1,Innate Immunity,"Pattern recognition, inflammatory signaling, phagocytosis",['System B: Immune Defense'],,0.9,"['pattern_matching', 'single_match_B']",2025-12-24 18:05:57,v8.0
GO:0045839,negative regulation of mitotic nuclear division,"Any process that stops, prevents or reduces the rate or extent of mitosis. Mitosis is the division of the eukaryotic cell nucleus to produce two daughter nuclei that, usually, contain the identical chromosome complement to their mother.",GO,biological_process,System B: Immune Defense,B1,Innate Immunity,"Pattern recognition, inflammatory signaling, phagocytosis","['System A: Self-Healing & Structural Reconstruction', 'System B: Immune Defense', 'System 0: General Molecular Machinery']",,0.8,"['pattern_matching', 'priority_rule_B']",2025-12-24 18:05:57,v8.0
GO:0045916,negative regulation of complement activation,"Any process that stops, prevents, or reduces the frequency, rate or extent of complement activation.",GO,biological_process,System B: Immune Defense,B1,Innate Immunity,"Pattern recognition, inflammatory signaling, phagocytosis",['System B: Immune Defense'],,0.9,"['pattern_matching', 'single_match_B']",2025-12-24 18:05:57,v8.0
GO:0045917,positive regulation of complement activation,"Any process that activates or increases the frequency, rate or extent of complement activation.",GO,biological_process,System B: Immune Defense,B1,Innate Immunity,"Pattern recognition, inflammatory signaling, phagocytosis",['System B: Immune Defense'],,0.9,"['pattern_matching', 'single_match_B']",2025-12-24 18:05:57,v8.0
GO:0045957,"negative regulation of complement activation, alternative pathway","Any process that stops, prevents, or reduces the frequency, rate or extent of complement activation by the alternative pathway.",GO,biological_process,System B: Immune Defense,B1,Innate Immunity,"Pattern recognition, inflammatory signaling, phagocytosis",['System B: Immune Defense'],,0.9,"['pattern_matching', 'single_match_B']",2025-12-24 18:05:57,v8.0
GO:0045958,"positive regulation of complement activation, alternative pathway","Any process that activates or increases the frequency, rate or extent of complement activation by the alternative pathway.",GO,biological_process,System B: Immune Defense,B1,Innate Immunity,"Pattern recognition, inflammatory signaling, phagocytosis",['System B: Immune Defense'],,0.9,"['pattern_matching', 'single_match_B']",2025-12-24 18:05:57,v8.0
GO:0045959,"negative regulation of complement activation, classical pathway","Any process that stops, prevents, or reduces the frequency, rate or extent of complement activation by the classical pathway.",GO,biological_process,System B: Immune Defense,B1,Innate Immunity,"Pattern recognition, inflammatory signaling, phagocytosis",['System B: Immune Defense'],,0.9,"['pattern_matching', 'single_match_B']",2025-12-24 18:05:57,v8.0
GO:0045960,"positive regulation of complement activation, classical pathway","Any process that activates or increases the frequency, rate or extent of complement activation by the classical pathway.",GO,biological_process,System B: Immune Defense,B1,Innate Immunity,"Pattern recognition, inflammatory signaling, phagocytosis",['System B: Immune Defense'],,0.9,"['pattern_matching', 'single_match_B']",2025-12-24 18:05:57,v8.0
GO:0050764,regulation of phagocytosis,"Any process that modulates the frequency, rate or extent of phagocytosis, the process in which phagocytes engulf external particulate material.",GO,biological_process,System B: Immune Defense,B1,Innate Immunity,"Pattern recognition, inflammatory signaling, phagocytosis",['System B: Immune Defense'],,0.9,"['pattern_matching', 'single_match_B']",2025-12-24 18:05:58,v8.0
GO:0050765,negative regulation of phagocytosis,"Any process that stops, prevents, or reduces the frequency, rate or extent of phagocytosis.",GO,biological_process,System B: Immune Defense,B1,Innate Immunity,"Pattern recognition, inflammatory signaling, phagocytosis",['System B: Immune Defense'],,0.9,"['pattern_matching', 'single_match_B']",2025-12-24 18:05:58,v8.0
GO:0050766,positive regulation of phagocytosis,"Any process that activates or increases the frequency, rate or extent of phagocytosis.",GO,biological_process,System B: Immune Defense,B1,Innate Immunity,"Pattern recognition, inflammatory signaling, phagocytosis",['System B: Immune Defense'],,0.9,"['pattern_matching', 'single_match_B']",2025-12-24 18:05:58,v8.0
GO:0052034,effector-mediated suppression of host pattern-triggered immunity,A process mediated by a molecule secreted by a symbiont that results in the suppression of the innate immune response of the host organism via recognition of a microbe-associated molecular pattern. The innate immune response is the host's first line of defense against infection. The host is defined as the larger of the organisms involved in a symbiotic interaction.,GO,biological_process,System B: Immune Defense,B1,Innate Immunity,"Pattern recognition, inflammatory signaling, phagocytosis",['System B: Immune Defense'],anti-inflammatory,0.9,"['pattern_matching', 'single_match_B']",2025-12-24 18:05:59,v8.0
GO:0052067,symbiont-mediated perturbation of host phagocytosis,A process in which in a symbiont interferes with or inhibits host phagocytosis by targeting phagocytic signaling or the cellular phagocytic machinery. The host is defined as the larger of the organisms involved in a symbiotic interaction.,GO,biological_process,System B: Immune Defense,B1,Innate Immunity,"Pattern recognition, inflammatory signaling, phagocytosis",['System B: Immune Defense'],,0.9,"['pattern_matching', 'single_match_B']",2025-12-24 18:05:59,v8.0
GO:0052078,symbiont-mediated suppression of host pathogen-associated molecular pattern receptor signaling pathway,"A process in which a symbiont interferes with, inhibits or disrupts a PAMP signaling pathway in its host organism, initiated by a ligand binding of a pattern recognition receptor (PRR) to activate a plant innate immune response. The host is defined as the larger of the organisms involved in a symbiotic interaction.",GO,biological_process,System B: Immune Defense,B1,Innate Immunity,"Pattern recognition, inflammatory signaling, phagocytosis",['System B: Immune Defense'],anti-inflammatory,0.9,"['pattern_matching', 'single_match_B']",2025-12-24 18:05:59,v8.0
GO:0052164,symbiont defense to host-produced reactive oxygen species,A process in which a symbiont alters or subverts either the host signal transduction pathways leading to the production of reactive oxygen species as part of the host innate immune response.,GO,biological_process,System B: Immune Defense,B1,Innate Immunity,"Pattern recognition, inflammatory signaling, phagocytosis","['System B: Immune Defense', 'System C: Energy & Metabolic Homeostasis', 'System D: Cognitive-Regulatory']",,0.8,"['pattern_matching', 'priority_rule_B']",2025-12-24 18:05:59,v8.0
GO:0052167,symbiont-mediated perturbation of host innate immune response,A process in which a symbiont alters or subverts the innate immune response of the host organism; the innate immune response is the host's first line of defense against infection. The host is defined as the larger of the organisms involved in a symbiotic interaction.,GO,biological_process,System B: Immune Defense,B1,Innate Immunity,"Pattern recognition, inflammatory signaling, phagocytosis",['System B: Immune Defense'],,0.9,"['pattern_matching', 'single_match_B']",2025-12-24 18:05:59,v8.0
GO:0060097,"cytoskeletal rearrangement involved in phagocytosis, engulfment","The assembly, arrangement, or disassembly of cytoskeletal structures that is involved in the internalization of bacteria, immune complexes and other particulate matter or of an apoptotic cell by phagocytosis.",GO,biological_process,System B: Immune Defense,B1,Innate Immunity,"Pattern recognition, inflammatory signaling, phagocytosis",['System B: Immune Defense'],,0.9,"['pattern_matching', 'single_match_B']",2025-12-24 18:05:59,v8.0
GO:0060098,"membrane reorganization involved in phagocytosis, engulfment","The assembly and arrangement of the plasma membrane that is involved in the internalization of bacteria, immune complexes and other particulate matter or of an apoptotic cell by phagocytosis.",GO,biological_process,System B: Immune Defense,B1,Innate Immunity,"Pattern recognition, inflammatory signaling, phagocytosis","['System A: Self-Healing & Structural Reconstruction', 'System B: Immune Defense']",,0.8,"['pattern_matching', 'priority_rule_B']",2025-12-24 18:05:59,v8.0
GO:0060099,"regulation of phagocytosis, engulfment","Any process that modulates the frequency, rate or extent of the internalization of bacteria, immune complexes and other particulate matter or of an apoptotic cell by phagocytosis.",GO,biological_process,System B: Immune Defense,B1,Innate Immunity,"Pattern recognition, inflammatory signaling, phagocytosis",['System B: Immune Defense'],,0.9,"['pattern_matching', 'single_match_B']",2025-12-24 18:05:59,v8.0
GO:0060100,"positive regulation of phagocytosis, engulfment","Any process that activates or increases the frequency, rate or extent of the internalization of bacteria, immune complexes and other particulate matter or of an apoptotic cell by phagocytosis.",GO,biological_process,System B: Immune Defense,B1,Innate Immunity,"Pattern recognition, inflammatory signaling, phagocytosis",['System B: Immune Defense'],,0.9,"['pattern_matching', 'single_match_B']",2025-12-24 18:05:59,v8.0
GO:0060101,"negative regulation of phagocytosis, engulfment","Any process that stops, prevents, or reduces the frequency, rate or extent of the internalization of bacteria, immune complexes and other particulate matter or of an apoptotic cell by phagocytosis.",GO,biological_process,System B: Immune Defense,B1,Innate Immunity,"Pattern recognition, inflammatory signaling, phagocytosis",['System B: Immune Defense'],,0.9,"['pattern_matching', 'single_match_B']",2025-12-24 18:05:59,v8.0
GO:0060194,regulation of antisense RNA transcription,"Any process that modulates the frequency, rate or extent of the synthesis of antisense RNA, an RNA molecule complementary in sequence to another RNA or DNA molecule, which, by binding the latter, acts to inhibit its function and/or completion of synthesis, on a template of DNA.",GO,biological_process,System B: Immune Defense,B1,Innate Immunity,"Pattern recognition, inflammatory signaling, phagocytosis","['System B: Immune Defense', 'System 0: General Molecular Machinery']",,0.8,"['pattern_matching', 'priority_rule_B']",2025-12-24 18:05:59,v8.0
GO:0060195,negative regulation of antisense RNA transcription,"Any process that decreases the frequency, rate or extent of the synthesis of antisense RNA, an RNA molecule complementary in sequence to another RNA or DNA molecule, which, by binding the latter, acts to inhibit its function and/or completion of synthesis, on a template of DNA.",GO,biological_process,System B: Immune Defense,B1,Innate Immunity,"Pattern recognition, inflammatory signaling, phagocytosis","['System B: Immune Defense', 'System 0: General Molecular Machinery']",,0.8,"['pattern_matching', 'priority_rule_B']",2025-12-24 18:05:59,v8.0
GO:0060196,positive regulation of antisense RNA transcription,"Any process that increases the frequency, rate or extent of the synthesis of antisense RNA, an RNA molecule complementary in sequence to another RNA or DNA molecule, which, by binding the latter, acts to inhibit its function and/or completion of synthesis, on a template of DNA.",GO,biological_process,System B: Immune Defense,B1,Innate Immunity,"Pattern recognition, inflammatory signaling, phagocytosis","['System B: Immune Defense', 'System 0: General Molecular Machinery']",,0.8,"['pattern_matching', 'priority_rule_B']",2025-12-24 18:05:59,v8.0
GO:0060542,regulation of strand invasion,"Any process that modulates the rate, frequency or extent of strand invasion. Strand invasion is the process in which the nucleoprotein complex (composed of the broken single-strand DNA and the recombinase) searches and identifies a region of homology in intact duplex DNA. The broken single-strand DNA displaces the like strand and forms Watson-Crick base pairs with its complement, forming a duplex in which each strand is from one of the two recombining DNA molecules.",GO,biological_process,System B: Immune Defense,B1,Innate Immunity,"Pattern recognition, inflammatory signaling, phagocytosis",['System B: Immune Defense'],,0.9,"['pattern_matching', 'single_match_B']",2025-12-24 18:05:59,v8.0
GO:0060543,negative regulation of strand invasion,"Any process that decreases the rate, frequency or extent of strand invasion. Strand invasion is the process in which the nucleoprotein complex (composed of the broken single-strand DNA and the recombinase) searches and identifies a region of homology in intact duplex DNA. The broken single-strand DNA displaces the like strand and forms Watson-Crick base pairs with its complement, forming a duplex in which each strand is from one of the two recombining DNA molecules.",GO,biological_process,System B: Immune Defense,B1,Innate Immunity,"Pattern recognition, inflammatory signaling, phagocytosis",['System B: Immune Defense'],,0.9,"['pattern_matching', 'single_match_B']",2025-12-24 18:05:59,v8.0
GO:0061007,hepaticobiliary system process,"A system process carried out by any of the organs or tissues of the hepaticobiliary system. The hepaticobiliary system is responsible for metabolic and catabolic processing of small molecules absorbed from the blood or gut, hormones and serum proteins, detoxification, storage of glycogen, triglycerides, metals and lipid soluble vitamins and excretion of bile. Included are the synthesis of albumin, blood coagulation factors, complement, and specific binding proteins.",GO,biological_process,System B: Immune Defense,B1,Innate Immunity,"Pattern recognition, inflammatory signaling, phagocytosis","['System B: Immune Defense', 'System C: Energy & Metabolic Homeostasis', 'System D: Cognitive-Regulatory']",,0.8,"['pattern_matching', 'priority_rule_B']",2025-12-24 18:05:59,v8.0
GO:0061008,hepaticobiliary system development,"The progression of the hepaticobiliary system over time, from its formation to the mature structure. The hepaticobiliary system is responsible for metabolic and catabolic processing of small molecules absorbed from the blood or gut, hormones and serum proteins, detoxification, storage of glycogen, triglycerides, metals and lipid soluble vitamins and excretion of bile. Included are the synthesis of albumin, blood coagulation factors, complement, and specific binding proteins.",GO,biological_process,System B: Immune Defense,B1,Innate Immunity,"Pattern recognition, inflammatory signaling, phagocytosis","['System B: Immune Defense', 'System C: Energy & Metabolic Homeostasis', 'System D: Cognitive-Regulatory', 'System E: Reproduction & Continuity']",,0.8,"['pattern_matching', 'priority_rule_B']",2025-12-24 18:05:59,v8.0
GO:0061270,mesonephric intraglomerular mesangial cell proliferation,"The multiplication or reproduction of intraglomerular glomerular mesangium cells in the mesonephros by cell division, resulting in the expansion of their population. Intraglomerular mesangial cells are specialized pericytes located among the glomerular capillaries within a renal corpuscle of a kidney. They are required for filtration, structural support and phagocytosis.",GO,biological_process,System B: Immune Defense,B1,Innate Immunity,"Pattern recognition, inflammatory signaling, phagocytosis","['System A: Self-Healing & Structural Reconstruction', 'System B: Immune Defense', 'System C: Energy & Metabolic Homeostasis', 'System E: Reproduction & Continuity', 'System 0: General Molecular Machinery']",,0.8,"['pattern_matching', 'priority_rule_B']",2025-12-24 18:06:00,v8.0
GO:0061760,antifungal innate immune response,An defense response against a fungus mediated through an innate immune response. An innate immune response is mediated by germline encoded components that directly recognize components of potential pathogens.,GO,biological_process,System B: Immune Defense,B1,Innate Immunity,"Pattern recognition, inflammatory signaling, phagocytosis",['System B: Immune Defense'],,0.9,"['pattern_matching', 'single_match_B']",2025-12-24 18:06:00,v8.0
GO:0062207,regulation of pattern recognition receptor signaling pathway,"Any process that modulates the rate, frequency or extent of a pattern recognition receptor signaling pathway.",GO,biological_process,System B: Immune Defense,B1,Innate Immunity,"Pattern recognition, inflammatory signaling, phagocytosis",['System B: Immune Defense'],,0.9,"['pattern_matching', 'single_match_B']",2025-12-24 18:06:00,v8.0
GO:0062208,positive regulation of pattern recognition receptor signaling pathway,"Any process that decreases the rate, frequency or extent of a pattern recognition receptor signaling pathway.",GO,biological_process,System B: Immune Defense,B1,Innate Immunity,"Pattern recognition, inflammatory signaling, phagocytosis",['System B: Immune Defense'],,0.9,"['pattern_matching', 'single_match_B']",2025-12-24 18:06:00,v8.0
GO:0070549,siRNA-mediated gene silencing by inhibition of translation,"An siRNA-mediated post-transcriptional gene silencing pathway that blocks the translation of target mRNAs into proteins. Once incorporated into a RNA-induced silencing complex (RISC), an siRNA will typically mediate repression of translation if the siRNA perfectly complements elements located in the 3' untranslated region of target mRNAs.",GO,biological_process,System B: Immune Defense,B1,Innate Immunity,"Pattern recognition, inflammatory signaling, phagocytosis","['System B: Immune Defense', 'System 0: General Molecular Machinery']",,0.8,"['pattern_matching', 'priority_rule_B']",2025-12-24 18:06:00,v8.0
GO:0070922,RISC complex assembly,"The process in which a single-stranded small RNA is incorporated within the RNA-initiated silencing complex (RISC). The assembly includes the maturation of the small RNA, the stabilization of the complex by accessory proteins of the RISC complex, duplex separation and the release of the second strand, forming a base-pairing complement complex that mediates gene silencing by small RNA.",GO,biological_process,System B: Immune Defense,B1,Innate Immunity,"Pattern recognition, inflammatory signaling, phagocytosis","['System B: Immune Defense', 'System E: Reproduction & Continuity']",,0.8,"['pattern_matching', 'priority_rule_B']",2025-12-24 18:06:00,v8.0
GO:0072123,intraglomerular mesangial cell proliferation,"The multiplication or reproduction of intraglomerular glomerular mesangium cells by cell division, resulting in the expansion of their population. Intraglomerular mesangial cells are specialized pericytes located among the glomerular capillaries within a renal corpuscle of a kidney. They are required for filtration, structural support and phagocytosis.",GO,biological_process,System B: Immune Defense,B1,Innate Immunity,"Pattern recognition, inflammatory signaling, phagocytosis","['System A: Self-Healing & Structural Reconstruction', 'System B: Immune Defense', 'System E: Reproduction & Continuity', 'System 0: General Molecular Machinery']",,0.8,"['pattern_matching', 'priority_rule_B']",2025-12-24 18:06:01,v8.0
GO:0072263,metanephric intraglomerular mesangial cell proliferation,"The multiplication or reproduction of intraglomerular glomerular mesangium cells in the metanephros by cell division, resulting in the expansion of their population. Intraglomerular mesangial cells are specialized pericytes located among the glomerular capillaries within a renal corpuscle of a kidney. They are required for filtration, structural support and phagocytosis.",GO,biological_process,System B: Immune Defense,B1,Innate Immunity,"Pattern recognition, inflammatory signaling, phagocytosis","['System A: Self-Healing & Structural Reconstruction', 'System B: Immune Defense', 'System C: Energy & Metabolic Homeostasis', 'System E: Reproduction & Continuity', 'System 0: General Molecular Machinery']",,0.8,"['pattern_matching', 'priority_rule_B']",2025-12-24 18:06:01,v8.0
GO:0090387,phagolysosome assembly involved in apoptotic cell clearance,"The process in which a phagosome, a vesicle formed by phagocytosis, fuses with a lysosome as a part of apoptotic cell clearance.",GO,biological_process,System B: Immune Defense,B1,Innate Immunity,"Pattern recognition, inflammatory signaling, phagocytosis","['System A: Self-Healing & Structural Reconstruction', 'System B: Immune Defense']",,0.6400000000000001,"['pattern_matching', 'priority_rule_B', 'balanced_pathway_standard_classification', 'complex_pathway_analysis']",2025-12-24 18:06:02,v8.0
GO:0090625,siRNA-mediated gene silencing by mRNA destabilization,"An siRNA-mediated post-transcriptional gene silencing pathway in which small interfering RNAs (siRNAs) direct the cleavage of target mRNAs. Once incorporated into a RNA-induced silencing complex (RISC), an siRNA will typically direct cleavage by base pairing with perfect or near-perfect complementarity to the target mRNA.",GO,biological_process,System B: Immune Defense,B1,Innate Immunity,"Pattern recognition, inflammatory signaling, phagocytosis","['System B: Immune Defense', 'System 0: General Molecular Machinery']",,0.8,"['pattern_matching', 'priority_rule_B']",2025-12-24 18:06:02,v8.0
GO:0090644,age-related resistance,"An innate immune response that is positively correlated with host plant development. As a plant develops, its innate resistance to pathogenic infections increases. The mechanisms involved in age-related resistance differ in nature or in aspects of regulation from the hypersensitive response (HR), systemic acquired resistance (SAR), or induced systemic resistance (ISR).",GO,biological_process,System B: Immune Defense,B1,Innate Immunity,"Pattern recognition, inflammatory signaling, phagocytosis","['System B: Immune Defense', 'System E: Reproduction & Continuity']",,0.8,"['pattern_matching', 'priority_rule_B']",2025-12-24 18:06:02,v8.0
GO:0090714,innate immunity memory response,"An immune response mediated by the innate immune system and directed against a previously encountered immunologic stimulus, being quicker and quantitatively better compared with the initial response to that stimulus.",GO,biological_process,System B: Immune Defense,B1,Innate Immunity,"Pattern recognition, inflammatory signaling, phagocytosis",['System B: Immune Defense'],,0.9,"['pattern_matching', 'single_match_B']",2025-12-24 18:06:02,v8.0
GO:0097278,complement-dependent cytotoxicity,Cell killing caused by the membrane attack complex formed following complement activation.,GO,biological_process,System B: Immune Defense,B1,Innate Immunity,"Pattern recognition, inflammatory signaling, phagocytosis","['System A: Self-Healing & Structural Reconstruction', 'System B: Immune Defense']",,0.8,"['pattern_matching', 'priority_rule_B']",2025-12-24 18:06:02,v8.0
GO:0098530,positive regulation of strand invasion,"Any process that increases the rate, frequency or extent of strand invasion. Strand invasion is the process in which the nucleoprotein complex (composed of the broken single-strand DNA and the recombinase) searches and identifies a region of homology in intact duplex DNA. The broken single-strand DNA displaces the like strand and forms Watson-Crick base pairs with its complement, forming a duplex in which each strand is from one of the two recombining DNA molecules.",GO,biological_process,System B: Immune Defense,B1,Innate Immunity,"Pattern recognition, inflammatory signaling, phagocytosis",['System B: Immune Defense'],,0.9,"['pattern_matching', 'single_match_B']",2025-12-24 18:06:02,v8.0
GO:0140014,mitotic nuclear division,"A mitotic cell cycle process comprising the steps by which the nucleus of a eukaryotic cell divides; the process involves condensation of chromosomal DNA into a highly compacted form. Canonically, mitosis produces two daughter nuclei whose chromosome complement is identical to that of the mother cell.",GO,biological_process,System B: Immune Defense,B1,Innate Immunity,"Pattern recognition, inflammatory signaling, phagocytosis","['System A: Self-Healing & Structural Reconstruction', 'System B: Immune Defense', 'System 0: General Molecular Machinery']",,0.8,"['pattern_matching', 'priority_rule_B']",2025-12-24 18:06:03,v8.0
GO:0140367,antibacterial innate immune response,An defense response against a bacteria mediated through an innate immune response. An innate immune response is mediated by germline encoded components that directly recognize components of potential pathogens.,GO,biological_process,System B: Immune Defense,B1,Innate Immunity,"Pattern recognition, inflammatory signaling, phagocytosis",['System B: Immune Defense'],,0.9,"['pattern_matching', 'single_match_B']",2025-12-24 18:06:03,v8.0
GO:0140374,antiviral innate immune response,A defense response against viruses mediated through an innate immune response. An innate immune response is mediated by germline encoded components that directly recognize components of potential pathogens.,GO,biological_process,System B: Immune Defense,B1,Innate Immunity,"Pattern recognition, inflammatory signaling, phagocytosis",['System B: Immune Defense'],,0.9,"['pattern_matching', 'single_match_B']",2025-12-24 18:06:03,v8.0
GO:0140426,pathogen-associated molecular pattern receptor signaling pathway,"The series of molecular signals initiated by a ligand binding of a pattern recognition receptor (PRR) to activate a plant innate immune response. PAMP-triggered immunity PRRs bind pathogen-associated molecular pattern (PAMPs), structures conserved among microbial species.",GO,biological_process,System B: Immune Defense,B1,Innate Immunity,"Pattern recognition, inflammatory signaling, phagocytosis",['System B: Immune Defense'],,0.9,"['pattern_matching', 'single_match_B']",2025-12-24 18:06:03,v8.0
GO:0140766,siRNA-mediated post-transcriptional gene silencing,"A post-transcriptional gene silencing pathway in which small interfering RNAs (siRNAs) elicit silencing of specific target genes. siRNAs are 21-23 nucleotide RNA duplexes that are fully complementary to their target mRNA. siRNAs can be exported and act in other cells, including in germline cells. Once incorporated into a RNA-induced silencing complex (RISC), siRNAs can downregulate gene expression by either of two posttranscriptional mechanisms: endonucleolytic cleavage of the mRNA or mRNA translational repression. siRNAs are present in lower animals and plants, but not found in mammals; whereas miRNAs are present in all the animals and in plants.",GO,biological_process,System B: Immune Defense,B1,Innate Immunity,"Pattern recognition, inflammatory signaling, phagocytosis","['System B: Immune Defense', 'System 0: General Molecular Machinery']",,0.8,"['pattern_matching', 'priority_rule_B']",2025-12-24 18:06:03,v8.0
GO:0140894,endolysosomal toll-like receptor signaling pathway,"The series of molecular signals initiated by a ligand binding to an endolysosomal pattern recognition receptor (PRR) of the toll-like family. PRRs bind pathogen-associated molecular pattern (PAMPs), structures conserved among microbial species.",GO,biological_process,System B: Immune Defense,B1,Innate Immunity,"Pattern recognition, inflammatory signaling, phagocytosis",['System B: Immune Defense'],,0.9,"['pattern_matching', 'single_match_B']",2025-12-24 18:06:03,v8.0
GO:0140895,cell surface toll-like receptor signaling pathway,The series of molecular signals initiated by a ligand binding to a cell surface pattern recognition receptor (PRR) of the toll-like family.,GO,biological_process,System B: Immune Defense,B1,Innate Immunity,"Pattern recognition, inflammatory signaling, phagocytosis",['System B: Immune Defense'],,0.9,"['pattern_matching', 'single_match_B']",2025-12-24 18:06:03,v8.0
GO:0140896,cGAS/STING signaling pathway,"The series of molecular signals initiated by the binding of a double-stranded DNA or RNA from another organism to cytosolic cyclic GMP-AMP (cGAMP) synthase (cGAS) that activates innate immune responses through production of the second messenger cGAMP, which activates the adaptor STING.",GO,biological_process,System B: Immune Defense,B1,Innate Immunity,"Pattern recognition, inflammatory signaling, phagocytosis",['System B: Immune Defense'],,0.9,"['pattern_matching', 'single_match_B']",2025-12-24 18:06:03,v8.0
GO:0140965,secondary piRNA processing,"A process leading to the generation of a functional secondary piRNA, involving a self-perpetuating piRNA loop, often called the ping-pong cycle, in which piRNAs are amplified by pairing with complementary transcripts (for example the transposable element mRNA target). In Drosophila, the processing involves the piwi proteins aubergine and Argonaute 3 and in mice, the piwi proteins Piwil2 and Piwil4.",GO,biological_process,System B: Immune Defense,B1,Innate Immunity,"Pattern recognition, inflammatory signaling, phagocytosis","['System B: Immune Defense', 'System C: Energy & Metabolic Homeostasis', 'System 0: General Molecular Machinery']",,0.8,"['pattern_matching', 'priority_rule_B']",2025-12-24 18:06:03,v8.0
GO:0141043,symbiont-mediated evasion of host innate immune response,"A process by which a symbiont avoids recognition by host's innate immune response by altering, concealing or destroying a conserved symbiont molecule recognized by the host. The host is defined as the larger of the organisms involved in a symbiotic interaction.",GO,biological_process,System B: Immune Defense,B1,Innate Immunity,"Pattern recognition, inflammatory signaling, phagocytosis",['System B: Immune Defense'],,0.9,"['pattern_matching', 'single_match_B']",2025-12-24 18:06:03,v8.0
GO:0141082,symbiont-mediated detoxification of host-generated reactive oxygen species,"A process in which a symbiont interferes with, inhibits or disrupts the host reactive oxygen species (ROS)-mediated innate immune response by directly degrading host ROS. The host is defined as the larger of the organisms involved in a symbiotic interaction.",GO,biological_process,System B: Immune Defense,B1,Innate Immunity,"Pattern recognition, inflammatory signaling, phagocytosis","['System B: Immune Defense', 'System C: Energy & Metabolic Homeostasis']",,0.8,"['pattern_matching', 'priority_rule_B']",2025-12-24 18:06:03,v8.0
GO:0141084,inflammasome-mediated signaling pathway,"An intracellular signal transduction pathway that starts with a ligand binding to a pattern recognition receptor (PRR), assembly of the inflammasome complex, leading to the activation of CASP1 and inducing an inflammatory response. In some cases, inflammasome-mediated signal transduction can lead to programmed cell death, such as pyroptosis.",GO,biological_process,System B: Immune Defense,B1,Innate Immunity,"Pattern recognition, inflammatory signaling, phagocytosis","['System A: Self-Healing & Structural Reconstruction', 'System B: Immune Defense', 'System D: Cognitive-Regulatory']",pro-inflammatory,0.6400000000000001,"['pattern_matching', 'priority_rule_B', 'balanced_pathway_standard_classification', 'complex_pathway_analysis']",2025-12-24 18:06:03,v8.0
GO:0141141,symbiont-mediated evasion of recognition by host pattern recognition receptor,"A process by which a symbiont avoids recognition by host's innate immune response by altering or concealing a conserved molecule recognized by the host's cell surface and intracellular pattern recognition receptors, including Toll-like and NOD-like receptors. The host is defined as the larger of the organisms involved in a symbiotic interaction.",GO,biological_process,System B: Immune Defense,B1,Innate Immunity,"Pattern recognition, inflammatory signaling, phagocytosis",['System B: Immune Defense'],,0.9,"['pattern_matching', 'single_match_B']",2025-12-24 18:06:03,v8.0
GO:0141177,symbiont-mediated evasion of recognition by host innate immune effector,"A process by which a symbiont mitigates the effects of recognition by a host innate immune effector. Effectors have a direct activity against a symbiont and include complement, antimicrobial peptides, and bacterial restriction enzymes. The host is defined as the larger of the organisms involved in a symbiotic interaction.",GO,biological_process,System B: Immune Defense,B1,Innate Immunity,"Pattern recognition, inflammatory signaling, phagocytosis",['System B: Immune Defense'],,0.9,"['pattern_matching', 'single_match_B']",2025-12-24 18:06:03,v8.0
GO:0141178,symbiont-mediated evasion of recognition by host complement,A process by which a symbiont avoids the effects of recognition by host  complement by altering molecules on the symbiont surface. The host is defined as the larger of the organisms involved in a symbiotic interaction.,GO,biological_process,System B: Immune Defense,B1,Innate Immunity,"Pattern recognition, inflammatory signaling, phagocytosis",['System B: Immune Defense'],,0.9,"['pattern_matching', 'single_match_B']",2025-12-24 18:06:03,v8.0
GO:0150062,complement-mediated synapse pruning,Synaptic pruning mediated by complement system signaling.,GO,biological_process,System B: Immune Defense,B1,Innate Immunity,"Pattern recognition, inflammatory signaling, phagocytosis","['System B: Immune Defense', 'System D: Cognitive-Regulatory']",,0.8,"['pattern_matching', 'priority_rule_B']",2025-12-24 18:06:03,v8.0
GO:0160257,"complement activation, GZMK pathway",Any process involved in the activation of any of the steps of the granzyme K pathway of the complement cascade which allows for the direct killing of microbes and the regulation of other immune processes.,GO,biological_process,System B: Immune Defense,B1,Innate Immunity,"Pattern recognition, inflammatory signaling, phagocytosis",['System B: Immune Defense'],,0.9,"['pattern_matching', 'single_match_B']",2025-12-24 18:06:03,v8.0
GO:1901245,positive regulation of toll-like receptor 9 signaling pathway by B cell receptor internalization,"The movement of a B cell receptor (BCR) from the plasma membrane to the inside of the cell, which results in positive regulation of toll-like receptor 9 (TLR9) signaling. For example, internalized BCR signals to recruit TLR9 from multiple small endosomes to large autophagosome-like compartments to enhance TLR9 signaling.",GO,biological_process,System B: Immune Defense,B1,Innate Immunity,"Pattern recognition, inflammatory signaling, phagocytosis","['System A: Self-Healing & Structural Reconstruction', 'System B: Immune Defense']",,0.8,"['pattern_matching', 'priority_rule_B']",2025-12-24 18:06:04,v8.0
GO:1901760,beta-L-Ara4N-lipid A biosynthetic process,The chemical reactions and pathways resulting in the formation of beta-L-Ara4N-lipid A which occurs as a result of modification of the lipid A moiety of lipopolysaccharide by the addition of the sugar 4-amino-4-deoxy-L-arabinose (L-Ara4N). This strategy is adopted by pathogenic Gram-negative bacteria to evade cationic antimicrobial peptides produced by the innate immune system.,GO,biological_process,System B: Immune Defense,B1,Innate Immunity,"Pattern recognition, inflammatory signaling, phagocytosis",['System B: Immune Defense'],,0.5599999999999999,"['complex_pathway', 'balanced', 'objective_based', 'system_B', 'complex_pathway_analysis']",2025-12-24 18:06:04,v8.0
GO:1903659,regulation of complement-dependent cytotoxicity,"Any process that modulates the frequency, rate or extent of complement-dependent cytotoxicity.",GO,biological_process,System B: Immune Defense,B1,Innate Immunity,"Pattern recognition, inflammatory signaling, phagocytosis",['System B: Immune Defense'],,0.9,"['pattern_matching', 'single_match_B']",2025-12-24 18:06:05,v8.0
GO:1903660,negative regulation of complement-dependent cytotoxicity,"Any process that stops, prevents or reduces the frequency, rate or extent of complement-dependent cytotoxicity.",GO,biological_process,System B: Immune Defense,B1,Innate Immunity,"Pattern recognition, inflammatory signaling, phagocytosis",['System B: Immune Defense'],,0.9,"['pattern_matching', 'single_match_B']",2025-12-24 18:06:05,v8.0
GO:1903661,positive regulation of complement-dependent cytotoxicity,"Any process that activates or increases the frequency, rate or extent of complement-dependent cytotoxicity.",GO,biological_process,System B: Immune Defense,B1,Innate Immunity,"Pattern recognition, inflammatory signaling, phagocytosis",['System B: Immune Defense'],,0.9,"['pattern_matching', 'single_match_B']",2025-12-24 18:06:05,v8.0
GO:1905034,regulation of antifungal innate immune response,"Any process that modulates the frequency, rate or extent of an antifungal innate immune response.",GO,biological_process,System B: Immune Defense,B1,Innate Immunity,"Pattern recognition, inflammatory signaling, phagocytosis",['System B: Immune Defense'],,0.9,"['pattern_matching', 'single_match_B']",2025-12-24 18:06:05,v8.0
GO:1905035,negative regulation of antifungal innate immune response,"Any process that stops, prevents or reduces the frequency, rate or extent of an antifungal innate immune response.",GO,biological_process,System B: Immune Defense,B1,Innate Immunity,"Pattern recognition, inflammatory signaling, phagocytosis",['System B: Immune Defense'],,0.9,"['pattern_matching', 'single_match_B']",2025-12-24 18:06:05,v8.0
GO:1905036,positive regulation of antifungal innate immune response,"Any process that activates or increases the frequency, rate or extent of an antifungal innate immune response.",GO,biological_process,System B: Immune Defense,B1,Innate Immunity,"Pattern recognition, inflammatory signaling, phagocytosis",['System B: Immune Defense'],,0.9,"['pattern_matching', 'single_match_B']",2025-12-24 18:06:05,v8.0
GO:1905449,regulation of Fc-gamma receptor signaling pathway involved in phagocytosis,"Any process that modulates the frequency, rate or extent of Fc-gamma receptor signaling pathway involved in phagocytosis.",GO,biological_process,System B: Immune Defense,B1,Innate Immunity,"Pattern recognition, inflammatory signaling, phagocytosis",['System B: Immune Defense'],,0.9,"['pattern_matching', 'single_match_B']",2025-12-24 18:06:06,v8.0
GO:1905450,negative regulation of Fc-gamma receptor signaling pathway involved in phagocytosis,"Any process that stops, prevents or reduces the frequency, rate or extent of Fc-gamma receptor signaling pathway involved in phagocytosis.",GO,biological_process,System B: Immune Defense,B1,Innate Immunity,"Pattern recognition, inflammatory signaling, phagocytosis",['System B: Immune Defense'],,0.9,"['pattern_matching', 'single_match_B']",2025-12-24 18:06:06,v8.0
GO:1905451,positive regulation of Fc-gamma receptor signaling pathway involved in phagocytosis,"Any process that activates or increases the frequency, rate or extent of Fc-gamma receptor signaling pathway involved in phagocytosis.",GO,biological_process,System B: Immune Defense,B1,Innate Immunity,"Pattern recognition, inflammatory signaling, phagocytosis",['System B: Immune Defense'],,0.9,"['pattern_matching', 'single_match_B']",2025-12-24 18:06:06,v8.0
GO:1905680,regulation of innate immunity memory response,"Any process that modulates the frequency, rate or extent of innate immunity memory response.",GO,biological_process,System B: Immune Defense,B1,Innate Immunity,"Pattern recognition, inflammatory signaling, phagocytosis",['System B: Immune Defense'],,0.9,"['pattern_matching', 'single_match_B']",2025-12-24 18:06:06,v8.0
GO:1905681,negative regulation of innate immunity memory response,"Any process that stops, prevents or reduces the frequency, rate or extent of innate immunity memory response.",GO,biological_process,System B: Immune Defense,B1,Innate Immunity,"Pattern recognition, inflammatory signaling, phagocytosis",['System B: Immune Defense'],,0.9,"['pattern_matching', 'single_match_B']",2025-12-24 18:06:06,v8.0
GO:1905682,positive regulation of innate immunity memory response,"Any process that activates or increases the frequency, rate or extent of innate immunity memory response.",GO,biological_process,System B: Immune Defense,B1,Innate Immunity,"Pattern recognition, inflammatory signaling, phagocytosis",['System B: Immune Defense'],,0.9,"['pattern_matching', 'single_match_B']",2025-12-24 18:06:06,v8.0
4610,Complement and coagulation cascades,Organismal Systems > Immune system > Complement and coagulation cascades,KEGG,pathway,System B: Immune Defense,B1,Innate Immunity,"Pattern recognition, inflammatory signaling, phagocytosis",['System B: Immune Defense'],,0.9,"['pattern_matching', 'single_match_B']",2025-12-24 18:06:07,v8.0
4666,Fc gamma R-mediated phagocytosis,Organismal Systems > Immune system > Fc gamma R-mediated phagocytosis,KEGG,pathway,System B: Immune Defense,B1,Innate Immunity,"Pattern recognition, inflammatory signaling, phagocytosis",['System B: Immune Defense'],,0.9,"['pattern_matching', 'single_match_B']",2025-12-24 18:06:07,v8.0
