dataset_id,name,chinese_name,disease_type,expected_strategy,expected_systems,description,platform,n_samples,pub_date,gdstype
GSE123551,Side-population trophoblasts from normal and abnormal pregnancies,Side-population trophoblasts from normal,other,case_control,System A;System B,Gene expression microarrays investigating the transcriptome of matched populations of human side-population trophoblasts and cytotrophoblasts isolated from third trimester placentae,16043,20,,Expression profiling by array
GSE129274,Imaging Studies of Local Responses of Prostate Cancer to Radiation Therapy,Imaging Studies of Local Responses of Pr,cancer,subtype_comparison,System A;System B,Patients receiving radiation therapy for prostate cancer received a multiparametric MRI and MRI/ultrasound-fusion targeted biopsy. Patients received a second mpMRI six months after radiation therapy. The goal of this study was to generate gene expression profiles of prostate cancer tumor tissue prio,22995,60,,Expression profiling by array
GSE186544,Transcriptomic analyses of hMADS cells depleted for hormone-sensitive lipase,Transcriptomic analyses of hMADS cells d,other,case_control,System A;System B,"Hormone-sensitive lipase HSL is a major metabolic enzyme of adipocyte as the rate limiting enzyme of lipolysis. Recently, a non enzymatic role of HSL as been described in the regulation of the Carbohydrate Responive Element Binding Protein (ChREBP), controlling adipocyte insulin sensitivity. We aime",21185,22,,Expression profiling by array
GSE211476,A novel t(5;7)(q31;q21/CDK6::IL3 in immature T-cell acute lymphoblastic leukemia with IL3 overexpression and reactive eo,A novel t(5;7)(q31;q21/CDK6::IL3 in imma,cancer,subtype_comparison,System A;System B,IL3 expression and reactive eosinophils,23159,96,,Expression profiling by array
GSE212800,Transcriptome profiling of T47D cells expressing mutated forms of the receptor tyrosine kinase MET in response to HGF,Transcriptome profiling of T47D cells ex,other,case_control,System A;System B,"Effect of the hepatocyte growth factor (HGF) stimulation on gene expression in T47D cells expressing either MET WT, MET Exon14, MET S985A, MET V1001A or MET Y1003F.",20844,29,,Expression profiling by array
GSE216724,Colon Cancer Patient-Derived Spheroids and their Stem Cell-Intrinsic mRNA Expression Yield Novel Prognostic Signatures,Colon Cancer Patient-Derived Spheroids a,cancer,subtype_comparison,System A;System B,"We characterized colorectal cancer stem cell (CRC-SC)-intrinsic subtypes based on mRNA expression of 57 patient-derived SC lines. We compared their expression profiles with those of normal colonic epithelial stem cells (NCE-SC), and obtained genes relatively underexpressed or overexpressed. First, w",21185,64,,Expression profiling by array
GSE224644,Clinical testing of transcriptome-wide expression classifiers in high-risk localized and metastatic prostate cancer star,Clinical testing of transcriptome-wide e,cancer,subtype_comparison,System A;System B,Gene expression study of the STAMPEDE abiraterone and docetaxel randomized controlled trials,5175,1531,,Expression profiling by array
GSE225930,Early Transcriptional Responses to Human Typhoid Challenge,Early Transcriptional Responses to Human,other,case_control,System A;System B,"The whole blood transcriptome 12 and 24 hours after challenge with S. Typhi Quailes Strain. Samples were collected from two studies: a dose finding study aiming to find the challenge dose giving a 60-75% attack rate, published in Waddington et al. 2014 [PMID: 24519873], and the placebo arm of a typh",10558,163,,Expression profiling by array
GSE236055,Colonic mucosal gene expression profile associated with neoplastic progression in longstanding ulcerative colitis,Colonic mucosal gene expression profile ,cancer,subtype_comparison,System A;System B,"Introduction: Many gene expression studies of colitis-associated colorectal cancer (CA-CRC) in patients with ulcerative colitis (UC) have focused on identification of molecular drivers of progression of UC to CA- CRC. However, they have primarily studied cancerous mucosal biopsies, an approach which",21185,143,,Expression profiling by array
GSE237290,Immune gene expression profiling to inform individualized treatment of early-stage basal-like breast cancer,Immune gene expression profiling to info,cancer,subtype_comparison,System A;System B,A gene expression-based positive prognostic marker for early-stage basal-like breast cancer was proposed based on expression analysis of 753 immune-related genes in primary tumor samples from 45 patients with early-stage basal-like breast cancer on the NanoString platform.,33583,57,,Expression profiling by array
GSE244782,Gene expression data from DLPFC of schizophrenia patients,Gene expression data from DLPFC of schiz,psychiatric,case_control,System D;System B,We analyzed gene co-expression modules (clusters of genes with highly correlated expression) in the dorsolateral prefrontal cortex (DLPFC) of postmortem brains from patients with schizophrenia and healthy controls. We aimed to identify the co-expressed modules that reflect the genetic differences be,23159,26,,Expression profiling by array
GSE249451,"Biopsy And Blood Gene Expression Distinguish Injury, Subclinical and Clinical Rejection in Kidney Transplant Recipients",Biopsy And Blood Gene Expression Disting,metabolic,case_control,System C;System D,"Short-term kidney transplant rejection rates have vastly improved. Unfortunately, the focus is still on clinical acute rejection, whereas patients with no graft dysfunction and subclinical rejection without protocol biopsies would be treated as having no ongoing injury. Molecular diagnostic tests to",33988,573,,Expression profiling by array
GSE253685,PBMC gene expression profiles from vaccinated or non-vaccinated humans challenged with influenza viruses,PBMC gene expression profiles from vacci,infection,case_control,System B;System C,PBMC gene expression profiles from vaccinated or non-vaccinated humans challenged with influenza viruses,6480,339,,Expression profiling by array
GSE253686,Nasal epithelium gene expression profiles from vaccinated or non-vaccinated humans challenged with influenza viruses,Nasal epithelium gene expression profile,infection,case_control,System B;System C,Nasal epithelium gene expression profiles from vaccinated or non-vaccinated humans challenged with influenza viruses,6480,297,,Expression profiling by array
GSE254001,NFATc1 and NFATc2 control glucocorticoid resistance in pediatric T-cell acute lymphoblastic leukemia by regulating chole,NFATc1 and NFATc2 control glucocorticoid,cancer,subtype_comparison,System A;System B,This SuperSeries is composed of the SubSeries listed below.,23159,42,,Expression profiling by array
GSE265997,Circulating miRNA profile and atherogenic Lp(a) levels in asymptomatic patients with familial hypercholesterolemia.,Circulating miRNA profile and atherogeni,other,case_control,System A;System B,Affymetrix microarray (GeneChip microRNA 4.0) profilling of circulating miRNAs. We used miRNA arrays to profile miRNAs isolated from plasma of familial hypercholesterolemia patients with [FH-Lp(a)_High_50 mg/dL] or without [FH-Lp(a)_Low_50 mg/dL] atherogenic Lp(a) concentration.,21572,24,,Expression profiling by array
GSE268041,Expression data from human lungs at cold ischemic time (CIT) and 2 hrs. after reperfusion (R2H),Expression data from human lungs at cold,other,case_control,System A;System B,"Ischemia-reperfusion (IR) in lung transplantation activates genes in inate inflammation and cell death. Multiple programmed cell death (PCD) pathways have been proposed to be involved in IR injury in lung transplantation. However, the status of these pathways in human lung transplants remain unknown",20182,108,,Expression profiling by array
GSE268683,Music elicits different gene expression responses in the buccal cavity of age-related cognitive disorders patients and h,Music elicits different gene expression ,neurodegenerative,case_control,System D;System A,"Recent evidence suggests that external stimuli can shape transcriptomes (sensogenomics). Specifically, the analysis of capillary blood samples has shown that musical stimuli can modulate gene expression patterns, in healthy individuals but also in those with age-related cognitive disorders (ACD), ba",34537,48,,Expression profiling by array
GSE272359,Long-term efficacy of carbon dioxide laser in patients with Hailey-Hailey disease. Assessment of gene expression change.,Long-term efficacy of carbon dioxide las,other,case_control,System A;System B,"We conducted a randomized clinical trial to assess the efficacy and safety of CO2 laser therapy in 10 patients with HHD. We utilized the Ablative AcuPulse CO2 laser (10,600 nm) with the following parameters: Scanner F200, shape size 8 mm, depth 4, time 0.50 seconds, power 24 watts. Biopsies of healt",23159,42,,Expression profiling by array
GSE272769,Whole blood transcriptomic profiling identifies expression signatures for sepsis mortality,Whole blood transcriptomic profiling ide,neurodegenerative,case_control,System D;System A,"Sepsis is the leading cause of death in U.S. hospitals and affects nearly 50 million people globally per year. Sepsis is defined as the ‘dysregulated host response to infection’, however, identifying specific and targetable immune abnormalities for therapeutic intervention has been challenging. An e",17692,161,,Expression profiling by array
GSE276225,Depot-dependent transcriptomic profile of human adipose tissue macrophages,Depot-dependent transcriptomic profile o,metabolic,case_control,System C;System D,"Macrophages from visceral and subcutaneous white adipose tissue (vWAT and sWAT, respectively) can have opposing roles in the systemic metabolic changes associated with obesity. We evaluated the gene expression in CD11b positive macrophage cells from vWAT and sWAT and in the whole adipose depots.",23126,36,,Expression profiling by array
GSE280418,A novel lymphoma-associated macrophage interaction signature (LAMIS) provides robust risk prognostication in diffuse lar,A novel lymphoma-associated macrophage i,cancer,subtype_comparison,System A;System B,"Diffuse large B-cell lymphoma (DLBCL) is a disease with heterogeneous outcome. Stromal signatures have been correlated to survival in DLBCL. Their use, however, is hampered by the lack of assays for formalin-fixed paraffin-embedded material (FFPE). We constructed a lymphoma-associated macrophage int",34998,330,,Expression profiling by array
GSE281597,The transcriptional profile of extracellular vesicles extracted from cerebrospinal flood in patients with multiple syste,The transcriptional profile of extracell,neurodegenerative,case_control,System D;System A,"Extracellular vesicles (EVs) play a role in intercellular communication by transferring proteins and/or transcripts.  The profile of proteins and/or transcripts in EVs may differentiate multiple system atrophy (MSA) from Parkinson's disease. In the present study, we performed transcriptome analysis ",24539,40,,Expression profiling by array
GSE281705,CGGBP1 from higher amniotes restricts cytosine methylation and drives a GC-bias in transcription factor binding sites at,CGGBP1 from higher amniotes restricts cy,other,case_control,System A;System B,"Human and other vertebrate representative forms of CGGBP1 have been used in this study to assay global gene expression. HEK293T cells with endogenous CGGBP1 knocked down were used to over-express other vertebrate representative forms of CGGBP1 (Latimeria chalumnae (Lc), Anolis carolinensis (Ac), Gal",21185,30,,Expression profiling by array
GSE281841,Gene expression data from patients with peripheral arterial disease stenosis grade 1 vs 4 and 5,Gene expression data from patients with ,other,case_control,System A;System B,"Human PAD arteries were obtained from patients undergoing amputation. This is an extension of a previously published data set from Dr. Lawson's lab. In total 39 arterial samples from 27 patients undergoing amputation were collected, including posterior tibial artery, anterior tibial artery, superfic",96,41,,Expression profiling by array
GSE282291,Exercise Training-induced Extracellular miR-136-3p Modulates Glucose Uptake and Myogenesis through Targeting of NRDC in ,Exercise Training-induced Extracellular ,other,case_control,System A;System B,"We identified several exercise training-responsive miRNAs within exosome-rich EVs in serum, including miR-136-3p. In human myotubes, miR-136-3p enhanced glucose uptake and targeted the nardilysin convertase (NRDC) gene. To search miR-136-3p and NRDC relating function in human myotubes, we performed ",23126,24,,Expression profiling by array
GSE283593,DEAH-BOX HELICASE 8 IS A REGULATOR OF HEAT SHOCK FACTOR 1 [DHX8-HSF1 KD],DEAH-BOX HELICASE 8 IS A REGULATOR OF HE,cancer,subtype_comparison,System A;System B,Heat Shock Factor 1 (HSF1) is a key transcription factor mediating the cellular stress response and promoting cancer cell survival. We identified DEAH-box helicase 8 (DHX8) as a crucial regulator of HSF1 pre-mRNA processing. Silencing DHX8 leads to the accumulation of HSF1 transcripts with retained ,6480,77,,Expression profiling by array
GSE287422,Coexpression of MYCN and ALK Induces Neuroblastoma-Like Tumors From Human iPS Cell-Derived Cranial Neural Crest Cells [M,Coexpression of MYCN and ALK Induces Neu,cancer,subtype_comparison,System A;System B,"Neuroblastoma is a pediatric solid tumor originating from neural crest cells, which are precursors of the sympathetic nervous system. Amplification of MYCN proto-oncogene is a key factor contributing to poor prognosis of neuroblastoma and is strongly associated with aggressive disease progression. A",17077,30,,Expression profiling by array
GSE287879,Latent MicroRNA Networks in Asthma Endotypes [HuGene-1_0],Latent MicroRNA Networks in Asthma Endot,respiratory,case_control,System B;System C,"Transcriptome analysis of whole blood from subjects with asthma and controls The presence or absence of type 2 inflammation (T2) biomarkers is used to identify T2-high and T2-low endotypes in the clinic. Despite the clinical relevance of these endotypes, the molecular mechanisms of T2-low asthma rem",6244,108,,Expression profiling by array
GSE287880,Latent MicroRNA Networks in Asthma Endotypes [NS_H_miR_v3a],Latent MicroRNA Networks in Asthma Endot,respiratory,case_control,System B;System C,"Transcriptome analysis of whole blood from subjects with asthma and controls The presence or absence of type 2 inflammation (T2) biomarkers is used to identify T2-high and T2-low endotypes in the clinic. Despite the clinical relevance of these endotypes, the molecular mechanisms of T2-low asthma rem",35323,108,,Expression profiling by array
GSE288248,Prostate Cancer In Situ Autovaccination With the Intratumoral Viral Mimic Poly-ICLC: Making a Cold Tumor Hot,Prostate Cancer In Situ Autovaccination ,cancer,subtype_comparison,System A;System B,Gene expression study of the poly-ICLC Phase II clinical trial,5175,24,,Expression profiling by array
GSE288273,Defining Relationships Among Tests for Kidney Transplant Antibody-Mediated Rejection,Defining Relationships Among Tests for K,neurodegenerative,case_control,System D;System A,"Effective therapies for kidney transplant antibody-mediated rejection (ABMR) (Mayer et al, 2024) will require accurate diagnoses plus assessment of ABMR activity, and the new tests that were used to show treatment effects in the clinical trial such as donor-derived cell-free DNA (dd-cfDNA) and molec",13667,717,,Expression profiling by array
GSE288609,Early malaria immune signatures in naïve adults experimentally infected with P.falciparum reveal high and low responders,Early malaria immune signatures in naïve,other,case_control,System A;System B,The immune response to Plasmodium falciparum (Pf) is complex and varies across individuals. A controlled human malaria infection (CHMI) study using Pf sporozoites (PfSPZ) was conducted to optimize administration methods and investigate early immune responses. Naïve volunteers were infected via intra,17692,88,,Expression profiling by array
GSE289059,Tumor immune microenvironment-associated prognostic and mifamurtide-response gene signatures for localized osteosarcoma:,Tumor immune microenvironment-associated,cancer,subtype_comparison,System A;System B,"A risk-adapted treatment strategy, the ISG/OS-2 trial, evaluated the use of mifamurtide in P-glycoprotein (Pgp)-positive localized osteosarcoma patients. Primary objective was the identification of tumor immune microenvironment (TME) prognostic classifiers in all patients and in those undergoing mif",29738,62,,Expression profiling by array
GSE290001,Confirmation of CDK8/19 inhibitor selectivity and activity in colorectal cancer [in vivo],Confirmation of CDK8/19 inhibitor select,cancer,subtype_comparison,System A;System B,We verified the selectivity of two chemical series of inhibitors of the Mediator kinases using a combination of high-quality chemical probes and genetic knockouts.  Knockout of CDK8 and/or CDK19 resulted in a range of overlapping and differential effects on gene expression or colony formation implyi,17077,41,,Expression profiling by array
GSE290002,Confirmation of CDK8/19 inhibitor selectivity and activity in colorectal cancer [in vitro],Confirmation of CDK8/19 inhibitor select,cancer,subtype_comparison,System A;System B,We verified the selectivity of two chemical series of inhibitors of the Mediator kinases using a combination of high-quality chemical probes and genetic knockouts.  Knockout of CDK8 and/or CDK19 resulted in a range of overlapping and differential effects on gene expression or colony formation implyi,21185,54,,Expression profiling by array
GSE290099,Immune response of human lung tissue after infection with human parainfluenza virus-3 – canonical pathways and treatment,Immune response of human lung tissue aft,infection,case_control,System B;System C,"Ex vivo human precision-cut lung slices (PCLS) were infected with human parainfluenza virus 3 (hPIV-3). We used microarry to explore the changes in gene expression between infected and non-infected, same-donor PCLS. We particularly analyzed changes in mRNA and miRNA expression levels linked to infla",23159,31,,Expression profiling by array
GSE290167,Archetypal Analysis of Deceased Donor Kidneys: A Molecular Approach for Posttransplant Outcomes,Archetypal Analysis of Deceased Donor Ki,metabolic,case_control,System C;System D,"This prospective, single-center study (NCT06171438) included 276 kidneys from 174 deceased donors. Donor procurement biopsies were performed on the backtable and part of the biopsy was stored for future RNA extraction and molecular profiles analysis using Affymetrix microarrays. Three molecular clas",15207,276,,Expression profiling by array
GSE290333,Whole transcriptome analysis of peripheral blood mononuclear cells from de novo and drug-naive sporadic Parkinson’s dise,Whole transcriptome analysis of peripher,neurodegenerative,case_control,System D;System A,"This study investigated gene expression differences in Parkinson’s disease (PD) using blood samples from 23 newly diagnosed, drug-naïve PD patients and 16 healthy controls recruited from two hospitals in Spain. Participants met diagnostic criteria for early-stage PD (Hoehn and Yahr I-II) and had no ",23159,38,,Expression profiling by array
GSE291874,Molecular Signatures in Acutely Suicidal Patients Without Somatic Comorbidities,Molecular Signatures in Acutely Suicidal,psychiatric,case_control,System D;System B,"Major Depressive Disorder (MDD) is a debilitating mental health condition affecting millions worldwide. One critical yet often underexplored variable in MDD is the biological sex. Women are diagnosed with depression twice as often as men, account for two-thirds of suicide attempts, and tend to exper",23159,28,,Expression profiling by array
GSE294567,Comprehensive analysis of tonsillar gene expression and the tonsillar microbiota in patients with palmoplantar pustulosi,Comprehensive analysis of tonsillar gene,infection,case_control,System B;System C,"Background: Tonsillectomy improves or cures symptoms in patients with palmoplantar pustulosis (PPP) and suppresses disease progression in patients with pustulotic arthro-osteitis (PAO), highlighting the important role of tonsils in the pathogenesis of PPP/PAO.  Objective: To identify active inflamma",21185,40,,Expression profiling by array
GSE294726,Influenza A virus modulation of Streptococcus pneumoniae infection using ex vivo transcriptomics in a human primary lung,Influenza A virus modulation of Streptoc,infection,case_control,System B;System C,"Nanostring quantification of 76 pneumococcal probes representing 72 genes, for Streptococcus pneumoniae EF3030 (wildtype and mutants) bacteria during infection of normalized human broncial epithelial cells (nHBEC), together, or after coincubation with Influenza A virus pH1N1.",35757,23,,Expression profiling by array
GSE296370,miRNA signatures in Burkitt leukemia and lymphoma in children and young adults,miRNA signatures in Burkitt leukemia and,cancer,subtype_comparison,System A;System B,miRNA expression analysis in Burkitt leukemia and lymphoma in children and young adults. Comparison of clinicopathological subgroups. Evaluation of differential expression.,35836,37,,Expression profiling by array
GSE297003,Effect of latent tuberculosis on individuals compared with healthy controls,Effect of latent tuberculosis on individ,neurodegenerative,case_control,System D;System A,Blood transcriptomes were analyzed in individuals with and without latent tuberculosis infection (LTBI) using the Clariom S RNA microarray assay (Affymetrix).,23159,38,,Expression profiling by array
GSE297461,AML PATIENTS WITH WILDTYPE TP53 AND DEFECTIVE TP53-MEDIATED APOPTOSIS HAVE A DISMAL SURVIVAL,AML PATIENTS WITH WILDTYPE TP53 AND DEFE,cancer,subtype_comparison,System A;System B,"The survival of 10% of patients with acute myelogenous leukemia (AML) carrying mutations in TP53 is dismal. Here, we estimated the fraction of AML patients with impaired TP53-mediated apoptosis despite TP53 WT status and their survival. We report the results of a detailed characterization of respons",6244,60,,Expression profiling by array
GSE298999,Kidney transcriptomic profiling of immune-related genes in ANCA-associated vasculitis,Kidney transcriptomic profiling of immun,metabolic,case_control,System C;System D,"Introduction. ANCA-associated vasculitis with glomerulonephritis (AAV-GN) frequently progresses to kidney failure. However, tools for risk stratification of renal outcomes remain limited. Existing approaches inadequately capture the molecular complexity underlying kidney injury, despite its potentia",34817,224,,Expression profiling by array
GSE299224,Differentially manufactured Arnica montana L. extracts mediate anti-inflammatory effects on human T cells via different ,Differentially manufactured Arnica monta,other,case_control,System A;System B,"In this study, differentially prepared Arnica extracts and the lead compounds Thymol and Helenalin were directly compared for their immunomodulatory potential using primary human T cells. Extracts from different plant parts (root or whole plant) and prepared by different manufacturing processes inhi",32993,45,,Expression profiling by array
GSE300468,A Stem and Progenitor Cell-Derived Gene Expression Signature is Prognostic for Survival in Myelofibrosis,A Stem and Progenitor Cell-Derived Gene ,respiratory,case_control,System B;System C,"We hypothesized that transcriptomic features among disease-driving hematopoietic stem and progenitor cells (HSPC) could improve the current paradigm for risk stratification in myelofibrosis (MF). Therefore, we performed bulk RNA-seq on blood from 358 MF patients split into training and test cohorts ",35963,342,,Expression profiling by array
GSE300858,Gene expression profiling of surgically treated pancreatic cancer patients using NanoString nCounter.,Gene expression profiling of surgically ,cancer,subtype_comparison,System A;System B,Differential expression analysis of 770 genes in the tumor component of pancreatic cancer.,30235,24,,Expression profiling by array
GSE302048,CDKN2A deletion remodels immune infiltrate in Diffuse Pleural Mesothelioma,CDKN2A deletion remodels immune infiltra,cancer,subtype_comparison,System A;System B,RNA extracted from diagnostic tumor samples of 82 patients affected by Diffuse Pleural Mesothelioma was analyzed on the nCounter system using the PanCancer Immune Profiling Panel.,19965,82,,Expression profiling by array
GSE302555,Gene expression in muscle invasive and non-muscle invasive bladder cancer cell lines exposed to hypoxia,Gene expression in muscle invasive and n,cancer,subtype_comparison,System A;System B,"Introductionon: Hypoxic cancers are radioresistant, but biomarkers based on expression of multiple genes can identify patients who will benefit from hypoxia modification. Most studies identifying relevant genes exposed cells in culture to 1% oxygen, which activates hypoxia-inducible factor (HIF). Ho",36027,72,,Expression profiling by array
GSE303203,Identification of a shared drug-tolerant persister program in triple-negactive breast cancer across treatments and patie,Identification of a shared drug-tolerant,cancer,subtype_comparison,System A;System B,"Acquisition of resistance to anti-cancer therapies is a multistep process, which initiates with the survival of drug tolerant persister cells. Understanding the mechanisms driving the emergence of drug tolerant persister cells remains challenging, primarily because of their limited accessibility in ",570,59,,Expression profiling by array
GSE303535,Defining a NK cell-enriched molecular rejection-like state in lung transplant transbronchial biopsies,Defining a NK cell-enriched molecular re,metabolic,case_control,System C;System D,"In lung transplantation, antibody-mediated rejection (AMR) diagnosed by ISHLT criteria is uncommon compared to other organs, and previous studies failed to find molecular AMR (ABMR) in lung biopsies. However, understanding of ABMR has changed with the recognition that ABMR in kidney transplants is o",15207,896,,Expression profiling by array
GSE303670,Improving the histologic detection of DSA-negative antibody-mediated rejection in kidney transplants,Improving the histologic detection of DS,metabolic,case_control,System C;System D,"Emerging treatments for antibody-mediated rejection (ABMR, NEJM391(2):122-132) have increased the importance of ABMR detection when donor-specific antibody (DSA) is negative. Lowering MFI cutoffs for DSA-positivity did not improve detection of DSA-negative ABMR. However, simply calling all DSA posit",15207,690,,Expression profiling by array
GSE305165,Redefining the Spectrum of EBV-Positive Diffuse Large B-Cell Lymphoma and EBV-Positive Classic Hodgkin Lymphoma,Redefining the Spectrum of EBV-Positive ,cancer,subtype_comparison,System A;System B,"Epstein–Barr virus-positive (EBV+) diffuse large B-cell lymphoma (DLBCL) and EBV+ classic Hodgkin lymphoma (CHL) are major B-cell lymphomas with EBV infection in elderly patients. Although they are regarded as distinct clinicopathologic entities, distinguishing EBV+ CHL from EBV+ DLBCL is often chal",23159,47,,Expression profiling by array
GSE305222,Distinct molecular processes mediate donor-derived cell-free DNA release from kidney transplants in different disease st,Distinct molecular processes mediate don,metabolic,case_control,System C;System D,"Background: Among all biopsies in the Trifecta kidney study (ClinicalTrials.gov #NCT04239703), elevated plasma dd-cfDNA correlated most strongly with molecular antibody-mediated rejection (ABMR) (JASN 33:387, 2022), but was also elevated in other states: T cell-mediated rejection (TCMR), acute kidne",13667,604,,Expression profiling by array
GSE305289,Expression data from HEK-293 cells with and without small hepatitis delta antigen (S-HDAg) overexpression,Expression data from HEK-293 cells with ,liver,case_control,System C;System A,"Hepatitis delta virus (HDV) enters hepatocytes via the receptor NTCP and requires the SHDAg for efficient replication by host RNA polymerase II (Pol II). During replication, SHDAg reportedly binds to Pol II as an elongation factor and thus promotes the transition from the promoter-proximal pausing t",23159,24,,Expression profiling by array
GSE305538,"Gene expression profiling of colorectal cancer tissues, matched normal tissues, colorectal cancer cell lines, and primar",Gene expression profiling of colorectal ,cancer,subtype_comparison,System A;System B,"We performed a comprehensive gene expression analysis of human colorectal cancer (CRC) tissues, matched adjacent normal mucosa, established CRC cell lines, and primary cultures derived from patient tumors (2D organoids). This dataset aims to identify genes and signaling pathways preferentially expre",21185,25,,Expression profiling by array
GSE305935,Immune transcriptomic changes in Australian Gulf War Veterans,Immune transcriptomic changes in Austral,other,case_control,System A;System B,Immune transcriptomic changes in Australian Gulf War Veterans,33412,35,,Expression profiling by array
GSE306513,CCL18 as a immunosuppressive biomarker for prognosis in ABC diffuse large B-cell Lymphoma,CCL18 as a immunosuppressive biomarker f,cancer,subtype_comparison,System A;System B,Objective: decipher TME of ABC lymphomas to describe new biomarkers and treatment strategies. Methods: We analyzed 43 DLBCL samples (23 GCB and 20 ABC) by Nanosring PanCancer Immune Profiling Panel with additional 30 cell-of-origin genes. ABC lymphomas showed distinct expression profile than GCB wit,36184,43,,Expression profiling by array
GSE308518,Evaluation of 5-aminolevulinic acid-mediated radiodynamic therapy after single-dose irradiation in HT-29 xenografted mic,Evaluation of 5-aminolevulinic acid-medi,cancer,subtype_comparison,System A;System B,"We investigated changes in gene expression in HT-29 human colon carcinoma xenografts in nude mice after single-dose X-ray irradiation combined with 5-aminolevulinic acid (ALA)-mediated radiodynamic therapy. Control (non-irradiated, no ALA) and treated tumor samples were analyzed using Aglient Whole ",4133,20,,Expression profiling by array
GSE309538,Expression profiling of the human bone marrow niche remodeling in clonal hematopoiesis and myelodysplasia [PanCancer],Expression profiling of the human bone m,cancer,subtype_comparison,System A;System B,"Somatic mutations in hematopoietic stem/progenitor cells (HSPCs) can lead to clonal hematopoiesis of indeterminate potential (CHIP) and progression to myelodysplastic syndromes (MDS). Using single-cell and anatomical profiling of a large cohort of human bone marrow (BM), we show that the HSPC BM nic",19965,36,,Expression profiling by array
GSE309540,Expression profiling of the human bone marrow niche remodeling in clonal hematopoiesis and myelodysplasia [exhaustion],Expression profiling of the human bone m,neurodegenerative,case_control,System D;System A,"Somatic mutations in hematopoietic stem/progenitor cells (HSPCs) can lead to clonal hematopoiesis of indeterminate potential (CHIP) and progression to myelodysplastic syndromes (MDS). Using single-cell and anatomical profiling of a large cohort of human bone marrow (BM), we show that the HSPC BM nic",33412,36,,Expression profiling by array
GSE309652,Clinically relevant metabolic subtypes of lung cancer for immunotherapy,Clinically relevant metabolic subtypes o,cancer,subtype_comparison,System A;System B,"The metabolic pathway subtypes (MPSs) showed distinct differences in outcomes from anti-PD-(L)1 treatment. Using metabolic pathway–based clustering, we identified clinically relevant metabolic signatures that may be used to determine the efficacy of immuno-oncology drugs in non-small cell lung cance",31904,72,,Expression profiling by array
GSE309828,Expression data from lesions and non-lesions before and after treatment in patients with atopic dermatitis,Expression data from lesions and non-les,other,case_control,System A;System B,Individual differences in treatment response remain an unmet need. This study aimed to identify biomarkers that can evaluate disease activity and treatment response and predict treatment efficacy by precisely analyzing gene expression changes in patients with atopic dermatitis using a minimally inva,16686,24,,Expression profiling by array
GSE311496,Investigating conjunctival immune pathways in Sjögren and non-Sjögren disease associated dry eye,Investigating conjunctival immune pathwa,other,case_control,System A;System B,"This study aimed to investigate changes in immune related genes on the ocular surface of patients with different diagnoses. We compared DEGs from 21 healthy controls, 12 aqueous tear deficient (ATD), and 12 Sjögren disease dry eye using the nanostring immunology v2 panel. We identified DEGs in immun",32993,37,,Expression profiling by array
GSE313108,Sentinel flaps recapitulate key inflammatory aspects of human face transplant rejection,Sentinel flaps recapitulate key inflamma,cancer,subtype_comparison,System A;System B,"Sentinel flaps are used for remote-site monitoring in vascularized composite allotransplantation (VCA), but their molecular relationship to facial allografts during rejection has not been defined. We analyzed gene expression in formalin-fixed paraffin-embedded (FFPE) skin biopsies from facial allogr",32232,28,,Expression profiling by array
GSE313289,Understanding tumor heterogeneity in HNSCC by gene-expression,Understanding tumor heterogeneity in HNS,cancer,subtype_comparison,System A;System B,"Head and neck squamous cell carcinoma (HNSCC) encompasses a heterogeneous group of distinct malignancies. Established prognostic factors are based on clinical and biological characteristics, including disease stage and site, performance status, comorbidities, smoking history, and human papillomaviru",23126,100,,Expression profiling by array
GSE313408,ROS-related genes as potential diagnostic biomarkers in tuberculosis,ROS-related genes as potential diagnosti,infection,case_control,System B;System C,"Microarray profiling of 10 active-TB versus 10 healthy donors (validated in GEO cohorts) revealed 1 300 differential transcripts, 709 ROS-related; within the monocyte module TNFSF13B scored highest, giving AUC > 0.8 for TB versus health or other lung disease, 6-fold induction in Mtb-infected THP-1 m",31250,20,,Expression profiling by array
GSE313951,Ancestry-Linked IL-10 Signaling and Macrophage Activation Modulate Fibroblast Responses to Oxidative Stress in a PEG-Bas,Ancestry-Linked IL-10 Signaling and Macr,neurodegenerative,case_control,System D;System A,"Fibroblast responses to injury are shaped by cytokine signaling and macrophage activation, yet the extent to which these pathways vary across individuals, and how ancestry-associated immune differences influence fibrosis risk, remains poorly understood. Here, we developed a poly(ethylene glycol) (PE",32383,24,,Expression profiling by array
GSE315398,Spatial and Bulk Transcriptomics Analyses Reveal Distinct Gene Expression Profiles in Archival Skin Kaposi Sarcoma Lesio,Spatial and Bulk Transcriptomics Analyse,cancer,subtype_comparison,System A;System B,"Targeted transcriptomics assay of immuno-oncology genes using NanoString PanCancer IO 360 panel (770 gene) was carried out with archival skin Kaposi sarcoma samples. 42 participants with HIV-associated KS with and without other KSHV-associated diseases (KICS, PEL and/or MCD) included",36479,42,,Expression profiling by array
GSE315667,Lupus-Associated Immune Complexes Induce Shared Proinflammatory Transcriptional Programs in Human Monocytes,Lupus-Associated Immune Complexes Induce,autoimmune,case_control,System B;System A,"Lupus-associated immune complexes (ICs) activate monocytes and contribute to disease pathogenesis. Here, we performed microarray analysis of monocytes stimulated with dsDNA ICs, Ro60/anti-Ro60 (Ro) ICs, or snRNP ICs to characterize IC-induced transcriptional responses. All three IC types induced ove",16699,24,,Expression profiling by array
GSE315861,Targeted innate immune inhibition therapy compared to antibiotics for recurrent acute cystitis,Targeted innate immune inhibition therap,neurodegenerative,case_control,System D;System A,"Cystitis is a bacterial infection of the bladder that occurs in about half of women at least once in their lifetime. Antibiotics such as nitrofurantoin are used to treat cystitis but antibiotic resistance is a concern, especially for recurrent infections. Here we report an open label, randomized, si",24324,83,,Expression profiling by array
GSE316196,NanoString PanCancer IO 360 expression profiling of histologically normal breast lobules from NHBW and NHWW donors (IO36,NanoString PanCancer IO 360 expression p,cancer,subtype_comparison,System A;System B,"Histologically normal breast lobules were obtained from non-Hispanic Black women (NHBW) and non-Hispanic White women (NHWW) (n=10 per group) matched by age, BMI, and parity. RNA extracted from FFPE sections was profiled using the NanoString PanCancer IO 360 CodeSet to characterize transcriptional pr",27956,20,,Expression profiling by array
GSE316197,NanoString Breast Cancer 360 expression profiling of histologically normal breast lobules from NHBW and NHWW donors (BC3,NanoString Breast Cancer 360 expression ,cancer,subtype_comparison,System A;System B,"Histologically normal breast lobules were obtained from non-Hispanic Black women (NHBW) and non-Hispanic White women (NHWW) (n=10 per group) matched by age, BMI, and parity. RNA extracted from FFPE sections was profiled using the NanoString Breast Cancer 360 CodeSet to characterize transcriptional p",33436,20,,Expression profiling by array
GSE317416,Transcriptional Cancer Immune pathways of localized early prostate cancer,Transcriptional Cancer Immune pathways o,cancer,subtype_comparison,System A;System B,The management of intermediate-risk early prostate cancer (PCa) is challenging due to the difficulty in distinguishing indolent from aggressive tumors. This study explores the impact of genomic alterations on the tumor and its microenvironment (TME). We performed multi-omic profiling in a cohort of ,32232,51,,Expression profiling by array
GSE317424,Transcriptional PanCancer pathways of localized early prostate cancer,Transcriptional PanCancer pathways of lo,cancer,subtype_comparison,System A;System B,The management of intermediate-risk early prostate cancer (PCa) is challenging due to the difficulty in distinguishing indolent from aggressive tumors. This study explores the impact of genomic alterations on the tumor and its microenvironment (TME). We performed multi-omic profiling in a cohort of ,33084,51,,Expression profiling by array
GSE317465,Type I interferon responses mediated by CD14⁺ monocytes drive CD4⁺ T-cell activation in PWH,Type I interferon responses mediated by ,neurodegenerative,case_control,System D;System A,"T-cell activation is a key feature of chronic HIV infection and is predictive of non-AIDS-defining comorbidities in people with HIV (PWH) receiving antiretroviral therapy (ART). Monocytes from PWH display distinct transcriptional programs, yet their role in T-cell activation remains unclear. In this",32993,24,,Expression profiling by array
GSE317496,"miRNA Profiling shows shared Signatures in Pediatric Asthma, Obesity and their comorbidity",miRNA Profiling shows shared Signatures ,metabolic,case_control,System C;System D,"Obesity is considered as a significant contributor of childhood asthma. Concerningly, obesity and asthma comorbity is found to be  associated with increased asthma symptoms and reduced response to corticosteroid therapy. In this study we investigate how the co-existence of obesity in children with a",31001,43,,Expression profiling by array
GSE317880,Expression data from Heatstroke patients,Expression data from Heatstroke patients,other,case_control,System A;System B,This study examined transcriptomic responses to heat exposure in peripheral blood mononuclear cells from 19 patients with heat stroke and 19 controls.,36562,55,,Expression profiling by array
GSE317937,"A Longitudinal, Multi-omic Atlas Reveals the Emergence of a Spatially Organized Immunosuppressive Ecosystem in Resistant","A Longitudinal, Multi-omic Atlas Reveals",cancer,subtype_comparison,System A;System B,"This study employed the NanoString nCounter platform to perform targeted, quantitative molecular profiling of longitudinally collected FFPE tumor samples to elucidate molecular mechanisms underlying resistance to anti–PD-1 therapy.  nCounter® Vantage 3D™ Single Nucleotide Variant assay was integrate",36566,46,,Expression profiling by array
GSE318067,Analysis of peripheral blood transcript and protein expression across adult systemic lupus erythematosus (SLE) and adult,Analysis of peripheral blood transcript ,autoimmune,case_control,System B;System A,"The study interrogates SLE and DM gene expression measurements across three platforms: Affymetrix transcriptomics, SomaLogic proteomics, and Rules Based Medicine (RBM) proteomics. Patients are matched 1:1 with healthy donor subjects by age, ethnicity, and sex. DM patients are matched 1:3 with SLE pa",570,82,,Expression profiling by array
GSE319500,Predictability of progression free survival in ovarian cancer,Predictability of progression free survi,cancer,subtype_comparison,System A;System B,"Given the interrelated mechanisms by which changes to the tumor microenvironment (TME) may drive disease recurrence, we test a novel machine learning approach to identifying key genes that may be involved in the likelihood of recurrence. The ability to compare pre- and post- NACT samples from the sa",27956,70,,Expression profiling by array
GSE320266,Expression analysis in plasma sample from KRAS G12C–mutant patients monitoring during treatment with KRAS G12C inhibitor,Expression analysis in plasma sample fro,other,case_control,System A;System B,"Follow-up at baseline, 3 days, 6 weeks after the treatment of KRAS G12C mutant patients treated with KRAS G12C inhibitors in blood",36640,62,,Expression profiling by array
GSE320268,Expression analysis of baseline tissue samples from KRAS G12C–mutant patients and longitudinal blood monitoring during t,Expression analysis of baseline tissue s,other,case_control,System A;System B,"Expression analysis in baseline tissue samples from KRAS G12C mutant patients, follow-up of KRAS mutant patients treated with KRAS G12C inhibitors in blood and analysis of paired biopsies",36640,98,,Expression profiling by array
GSE322536,Differential Expression and Target Gene Analysis of PBMC-Derived microRNAs as diagnostic / disease-associated biomarkers,Differential Expression and Target Gene ,cancer,subtype_comparison,System A;System B,Clinical specimens were collected from patients with Acute Lymphoblastic Leukemia (ALL) and from non-leukemic controls. Total RNA (including small RNA) was profiled using the Affymetrix GeneChip miRNA 4.0 array to identify differentially expressed miRNAs between ALL and controls Raw CEL files were g,19117,23,,Expression profiling by array
GSE324520,Immunological mechanisms underlying the clinical heterogeneity of Kikuchi disease: The potential role of atypical memory,Immunological mechanisms underlying the ,other,case_control,System A;System B,"Building on our previous research, which classified Kikuchi disease into three subtypes based on predominant symptoms and fever status—febrile type, febrile lymphadenopathy (FebLAP), and afebrile lymphadenopathy (aLAP)—we further investigated the underlying mechanisms contributing to their distinct ",34064,35,,Expression profiling by array
GSE324675,Parity-conditioned Hedgehog/VDR-linked NanoString profiling of histologically normal human breast tissue (BC360),Parity-conditioned Hedgehog/VDR-linked N,cancer,subtype_comparison,System A;System B,"Histologically normal human breast FFPE specimens were profiled by NanoString nCounter to study parity-conditioned basal/progenitor, Hedgehog, and vitamin D receptor-associated biology in normal breast tissue. This workbook contains the Breast Cancer 360 (BC360) arm of the study and is paired with a",33436,74,,Expression profiling by array
GSE324676,Parity-conditioned Hedgehog/VDR-linked NanoString profiling of histologically normal human breast tissue (IO360),Parity-conditioned Hedgehog/VDR-linked N,cancer,subtype_comparison,System A;System B,"Histologically normal human breast FFPE specimens were profiled by NanoString nCounter to study parity-conditioned basal/progenitor, Hedgehog, and vitamin D receptor-associated biology in normal breast tissue. This workbook contains the PanCancer IO 360 (IO360) arm of the study and is paired with a ",27956,74,,Expression profiling by array
GSE325257,NK cells promote cardiac cell death and regulate myelopoiesis in myocardial infarction,NK cells promote cardiac cell death and ,cardiovascular,case_control,System C;System A;System D,"Ischemic heart failure remains a major clinical challenge, underscoring the need to better understand post-infarction immune mechanisms and identify new therapeutic targets. Both innate and adaptive immunity contribute to adverse cardiac remodeling following myocardial infarction (MI), yet the role ",36722,22,,Expression profiling by array
GSE325374,MUC21 is downregulated in oral squamous cell carcinoma and associated with poor prognosis,MUC21 is downregulated in oral squamous ,cancer,subtype_comparison,System A;System B,The role of MUC21 in oral squamous cell carcinoma (OSCC) remains unexplored. Microarray data of 10 paired OSCC and  adjacent normal oral mucosae (para-OSCC) from this study and datasets from  GEO and TCGA RNA-seq were analyzed to screen out differentially expressed genes including MUC21 which was fu,17586,20,,Expression profiling by array
GSE46102,Gene expression profile of PBMCs in lung transplants with BOS and those without BOS,Gene expression profile of PBMCs in lung,other,case_control,System A;System B,Gene expression profiling was performed in PBMCs collected from 26 lung transplant recipients at 3 and 10 months after transplantation and prior to development of BOS. Results: there was a substantial proportion of genes (~1800) changed over time in BOS patients but not in non-BOS patients.,10558,60,,Expression profiling by array
GSE75249,"Transcriptomic profiling of peripheral blood mononuclear cells (PBMC) from patients with Parkinson’s disease (PD), Spino",Transcriptomic profiling of peripheral b,neurodegenerative,case_control,System D;System A,"To investigate the role of RNA metabolism in Parkinson’s disease in the etiology of Parkinson’s disease, we conducted a global RNA expression profiling in PBMC of PD and SCA2 patients versus controls.",4133,33,,Expression profiling by array
